url,urlfr,city,prov,id
https://weather.gc.ca/rss/city/ab-12_e.xml,https://meteo.gc.ca/rss/city/ab-12_f.xml,Airdrie,Alberta,1
https://weather.gc.ca/rss/city/ab-10_e.xml,https://meteo.gc.ca/rss/city/ab-10_f.xml,Athabasca,Alberta,2
https://weather.gc.ca/rss/city/ab-49_e.xml,https://meteo.gc.ca/rss/city/ab-49_f.xml,Banff,Alberta,3
https://weather.gc.ca/rss/city/ab-2_e.xml,https://meteo.gc.ca/rss/city/ab-2_f.xml,Barrhead,Alberta,4
https://weather.gc.ca/rss/city/ab-57_e.xml,https://meteo.gc.ca/rss/city/ab-57_f.xml,Beaverlodge,Alberta,5
https://weather.gc.ca/rss/city/ab-43_e.xml,https://meteo.gc.ca/rss/city/ab-43_f.xml,BowIsland,Alberta,6
https://weather.gc.ca/rss/city/ab-42_e.xml,https://meteo.gc.ca/rss/city/ab-42_f.xml,BowValley(ProvincialPark),Alberta,7
https://weather.gc.ca/rss/city/ab-36_e.xml,https://meteo.gc.ca/rss/city/ab-36_f.xml,Breton,Alberta,8
https://weather.gc.ca/rss/city/ab-58_e.xml,https://meteo.gc.ca/rss/city/ab-58_f.xml,Brooks,Alberta,9
https://weather.gc.ca/rss/city/ab-52_e.xml,https://meteo.gc.ca/rss/city/ab-52_f.xml,Calgary,Alberta,10
https://weather.gc.ca/rss/city/ab-61_e.xml,https://meteo.gc.ca/rss/city/ab-61_f.xml,Calgary(OlympicPark),Alberta,11
https://weather.gc.ca/rss/city/ab-18_e.xml,https://meteo.gc.ca/rss/city/ab-18_f.xml,Camrose,Alberta,12
https://weather.gc.ca/rss/city/ab-3_e.xml,https://meteo.gc.ca/rss/city/ab-3_f.xml,Canmore,Alberta,13
https://weather.gc.ca/rss/city/ab-64_e.xml,https://meteo.gc.ca/rss/city/ab-64_f.xml,Cardston,Alberta,14
https://weather.gc.ca/rss/city/ab-60_e.xml,https://meteo.gc.ca/rss/city/ab-60_f.xml,Claresholm,Alberta,15
https://weather.gc.ca/rss/city/ab-1_e.xml,https://meteo.gc.ca/rss/city/ab-1_f.xml,Cochrane,Alberta,16
https://weather.gc.ca/rss/city/ab-23_e.xml,https://meteo.gc.ca/rss/city/ab-23_f.xml,ColdLake,Alberta,17
https://weather.gc.ca/rss/city/ab-59_e.xml,https://meteo.gc.ca/rss/city/ab-59_f.xml,Coronation,Alberta,18
https://weather.gc.ca/rss/city/ab-17_e.xml,https://meteo.gc.ca/rss/city/ab-17_f.xml,Crowsnest,Alberta,19
https://weather.gc.ca/rss/city/ab-48_e.xml,https://meteo.gc.ca/rss/city/ab-48_f.xml,DraytonValley,Alberta,20
https://weather.gc.ca/rss/city/ab-62_e.xml,https://meteo.gc.ca/rss/city/ab-62_f.xml,Drumheller,Alberta,21
https://weather.gc.ca/rss/city/ab-50_e.xml,https://meteo.gc.ca/rss/city/ab-50_f.xml,Edmonton,Alberta,22
https://weather.gc.ca/rss/city/ab-71_e.xml,https://meteo.gc.ca/rss/city/ab-71_f.xml,Edmonton(Int'lAprt),Alberta,23
https://weather.gc.ca/rss/city/ab-72_e.xml,https://meteo.gc.ca/rss/city/ab-72_f.xml,Edson,Alberta,24
https://weather.gc.ca/rss/city/ab-63_e.xml,https://meteo.gc.ca/rss/city/ab-63_f.xml,ElkIsland(NationalPark),Alberta,25
https://weather.gc.ca/rss/city/ab-67_e.xml,https://meteo.gc.ca/rss/city/ab-67_f.xml,Esther,Alberta,26
https://weather.gc.ca/rss/city/ab-28_e.xml,https://meteo.gc.ca/rss/city/ab-28_f.xml,FortChipewyan,Alberta,27
https://weather.gc.ca/rss/city/ab-20_e.xml,https://meteo.gc.ca/rss/city/ab-20_f.xml,FortMcMurray,Alberta,28
https://weather.gc.ca/rss/city/ab-65_e.xml,https://meteo.gc.ca/rss/city/ab-65_f.xml,GardenCreek,Alberta,29
https://weather.gc.ca/rss/city/ab-45_e.xml,https://meteo.gc.ca/rss/city/ab-45_f.xml,GrandeCache,Alberta,30
https://weather.gc.ca/rss/city/ab-31_e.xml,https://meteo.gc.ca/rss/city/ab-31_f.xml,GrandePrairie,Alberta,31
https://weather.gc.ca/rss/city/ab-37_e.xml,https://meteo.gc.ca/rss/city/ab-37_f.xml,HendricksonCreek,Alberta,32
https://weather.gc.ca/rss/city/ab-24_e.xml,https://meteo.gc.ca/rss/city/ab-24_f.xml,HighLevel,Alberta,33
https://weather.gc.ca/rss/city/ab-4_e.xml,https://meteo.gc.ca/rss/city/ab-4_f.xml,HighRiver,Alberta,34
https://weather.gc.ca/rss/city/ab-68_e.xml,https://meteo.gc.ca/rss/city/ab-68_f.xml,Highvale,Alberta,35
https://weather.gc.ca/rss/city/ab-14_e.xml,https://meteo.gc.ca/rss/city/ab-14_f.xml,Hinton,Alberta,36
https://weather.gc.ca/rss/city/ab-70_e.xml,https://meteo.gc.ca/rss/city/ab-70_f.xml,Jasper,Alberta,37
https://weather.gc.ca/rss/city/ab-34_e.xml,https://meteo.gc.ca/rss/city/ab-34_f.xml,Kananaskis(NakiskaRidgetop),Alberta,38
https://weather.gc.ca/rss/city/ab-32_e.xml,https://meteo.gc.ca/rss/city/ab-32_f.xml,LacLaBiche,Alberta,39
https://weather.gc.ca/rss/city/ab-39_e.xml,https://meteo.gc.ca/rss/city/ab-39_f.xml,Lacombe,Alberta,40
https://weather.gc.ca/rss/city/ab-30_e.xml,https://meteo.gc.ca/rss/city/ab-30_f.xml,Lethbridge,Alberta,41
https://weather.gc.ca/rss/city/ab-15_e.xml,https://meteo.gc.ca/rss/city/ab-15_f.xml,Lloydminster,Alberta,42
https://weather.gc.ca/rss/city/ab-51_e.xml,https://meteo.gc.ca/rss/city/ab-51_f.xml,MedicineHat,Alberta,43
https://weather.gc.ca/rss/city/ab-33_e.xml,https://meteo.gc.ca/rss/city/ab-33_f.xml,MildredLake,Alberta,44
https://weather.gc.ca/rss/city/ab-19_e.xml,https://meteo.gc.ca/rss/city/ab-19_f.xml,MilkRiver,Alberta,45
https://weather.gc.ca/rss/city/ab-38_e.xml,https://meteo.gc.ca/rss/city/ab-38_f.xml,Nordegg,Alberta,46
https://weather.gc.ca/rss/city/ab-11_e.xml,https://meteo.gc.ca/rss/city/ab-11_f.xml,Okotoks,Alberta,47
https://weather.gc.ca/rss/city/ab-35_e.xml,https://meteo.gc.ca/rss/city/ab-35_f.xml,Onefour,Alberta,48
https://weather.gc.ca/rss/city/ab-25_e.xml,https://meteo.gc.ca/rss/city/ab-25_f.xml,PeaceRiver,Alberta,49
https://weather.gc.ca/rss/city/ab-46_e.xml,https://meteo.gc.ca/rss/city/ab-46_f.xml,PincherCreek,Alberta,50
https://weather.gc.ca/rss/city/ab-21_e.xml,https://meteo.gc.ca/rss/city/ab-21_f.xml,RainbowLake,Alberta,51
https://weather.gc.ca/rss/city/ab-29_e.xml,https://meteo.gc.ca/rss/city/ab-29_f.xml,RedDeer,Alberta,52
https://weather.gc.ca/rss/city/ab-40_e.xml,https://meteo.gc.ca/rss/city/ab-40_f.xml,RedEarthCreek,Alberta,53
https://weather.gc.ca/rss/city/ab-16_e.xml,https://meteo.gc.ca/rss/city/ab-16_f.xml,RockyMountainHouse,Alberta,54
https://weather.gc.ca/rss/city/ab-54_e.xml,https://meteo.gc.ca/rss/city/ab-54_f.xml,SlaveLake,Alberta,55
https://weather.gc.ca/rss/city/ab-44_e.xml,https://meteo.gc.ca/rss/city/ab-44_f.xml,Stavely,Alberta,56
https://weather.gc.ca/rss/city/ab-5_e.xml,https://meteo.gc.ca/rss/city/ab-5_f.xml,Stettler,Alberta,57
https://weather.gc.ca/rss/city/ab-22_e.xml,https://meteo.gc.ca/rss/city/ab-22_f.xml,StonyPlain,Alberta,58
https://weather.gc.ca/rss/city/ab-6_e.xml,https://meteo.gc.ca/rss/city/ab-6_f.xml,Strathmore,Alberta,59
https://weather.gc.ca/rss/city/ab-47_e.xml,https://meteo.gc.ca/rss/city/ab-47_f.xml,Suffield,Alberta,60
https://weather.gc.ca/rss/city/ab-53_e.xml,https://meteo.gc.ca/rss/city/ab-53_f.xml,Sundre,Alberta,61
https://weather.gc.ca/rss/city/ab-7_e.xml,https://meteo.gc.ca/rss/city/ab-7_f.xml,Taber,Alberta,62
https://weather.gc.ca/rss/city/ab-69_e.xml,https://meteo.gc.ca/rss/city/ab-69_f.xml,ThreeHills,Alberta,63
https://weather.gc.ca/rss/city/ab-27_e.xml,https://meteo.gc.ca/rss/city/ab-27_f.xml,Vauxhall,Alberta,64
https://weather.gc.ca/rss/city/ab-26_e.xml,https://meteo.gc.ca/rss/city/ab-26_f.xml,Vegreville,Alberta,65
https://weather.gc.ca/rss/city/ab-55_e.xml,https://meteo.gc.ca/rss/city/ab-55_f.xml,Wainwright,Alberta,66
https://weather.gc.ca/rss/city/ab-66_e.xml,https://meteo.gc.ca/rss/city/ab-66_f.xml,WatertonPark,Alberta,67
https://weather.gc.ca/rss/city/ab-8_e.xml,https://meteo.gc.ca/rss/city/ab-8_f.xml,Westlock,Alberta,68
https://weather.gc.ca/rss/city/ab-9_e.xml,https://meteo.gc.ca/rss/city/ab-9_f.xml,Wetaskiwin,Alberta,69
https://weather.gc.ca/rss/city/ab-56_e.xml,https://meteo.gc.ca/rss/city/ab-56_f.xml,Whitecourt,Alberta,70
https://weather.gc.ca/rss/city/ab-41_e.xml,https://meteo.gc.ca/rss/city/ab-41_f.xml,WillowCreek(ProvincialPark),Alberta,71
https://weather.gc.ca/rss/city/bc-7_e.xml,https://meteo.gc.ca/rss/city/bc-7_f.xml,100MileHouse,BritishColumbia,72
https://weather.gc.ca/rss/city/bc-81_e.xml,https://meteo.gc.ca/rss/city/bc-81_f.xml,Abbotsford,BritishColumbia,73
https://weather.gc.ca/rss/city/bc-70_e.xml,https://meteo.gc.ca/rss/city/bc-70_f.xml,Agassiz,BritishColumbia,74
https://weather.gc.ca/rss/city/bc-67_e.xml,https://meteo.gc.ca/rss/city/bc-67_f.xml,Atlin,BritishColumbia,75
https://weather.gc.ca/rss/city/bc-94_e.xml,https://meteo.gc.ca/rss/city/bc-94_f.xml,BellaBella,BritishColumbia,76
https://weather.gc.ca/rss/city/bc-18_e.xml,https://meteo.gc.ca/rss/city/bc-18_f.xml,BellaCoola,BritishColumbia,77
https://weather.gc.ca/rss/city/bc-22_e.xml,https://meteo.gc.ca/rss/city/bc-22_f.xml,BlueRiver,BritishColumbia,78
https://weather.gc.ca/rss/city/bc-43_e.xml,https://meteo.gc.ca/rss/city/bc-43_f.xml,BurnsLake,BritishColumbia,79
https://weather.gc.ca/rss/city/bc-55_e.xml,https://meteo.gc.ca/rss/city/bc-55_f.xml,CacheCreek,BritishColumbia,80
https://weather.gc.ca/rss/city/bc-19_e.xml,https://meteo.gc.ca/rss/city/bc-19_f.xml,CampbellRiver,BritishColumbia,81
https://weather.gc.ca/rss/city/bc-6_e.xml,https://meteo.gc.ca/rss/city/bc-6_f.xml,Cassiar,BritishColumbia,82
https://weather.gc.ca/rss/city/bc-21_e.xml,https://meteo.gc.ca/rss/city/bc-21_f.xml,Castlegar,BritishColumbia,83
https://weather.gc.ca/rss/city/bc-23_e.xml,https://meteo.gc.ca/rss/city/bc-23_f.xml,Chetwynd,BritishColumbia,84
https://weather.gc.ca/rss/city/bc-24_e.xml,https://meteo.gc.ca/rss/city/bc-24_f.xml,Chilliwack,BritishColumbia,85
https://weather.gc.ca/rss/city/bc-12_e.xml,https://meteo.gc.ca/rss/city/bc-12_f.xml,Clearwater,BritishColumbia,86
https://weather.gc.ca/rss/city/bc-91_e.xml,https://meteo.gc.ca/rss/city/bc-91_f.xml,Clinton,BritishColumbia,87
https://weather.gc.ca/rss/city/bc-61_e.xml,https://meteo.gc.ca/rss/city/bc-61_f.xml,Comox,BritishColumbia,88
https://weather.gc.ca/rss/city/bc-92_e.xml,https://meteo.gc.ca/rss/city/bc-92_f.xml,Courtenay,BritishColumbia,89
https://weather.gc.ca/rss/city/bc-77_e.xml,https://meteo.gc.ca/rss/city/bc-77_f.xml,Cranbrook,BritishColumbia,90
https://weather.gc.ca/rss/city/bc-26_e.xml,https://meteo.gc.ca/rss/city/bc-26_f.xml,Creston,BritishColumbia,91
https://weather.gc.ca/rss/city/bc-95_e.xml,https://meteo.gc.ca/rss/city/bc-95_f.xml,CumminsLakes(ProvincialPark),BritishColumbia,92
https://weather.gc.ca/rss/city/bc-25_e.xml,https://meteo.gc.ca/rss/city/bc-25_f.xml,DawsonCreek,BritishColumbia,93
https://weather.gc.ca/rss/city/bc-14_e.xml,https://meteo.gc.ca/rss/city/bc-14_f.xml,DeaseLake,BritishColumbia,94
https://weather.gc.ca/rss/city/bc-8_e.xml,https://meteo.gc.ca/rss/city/bc-8_f.xml,DomeCreek,BritishColumbia,95
https://weather.gc.ca/rss/city/bc-40_e.xml,https://meteo.gc.ca/rss/city/bc-40_f.xml,Esquimalt,BritishColumbia,96
https://weather.gc.ca/rss/city/bc-15_e.xml,https://meteo.gc.ca/rss/city/bc-15_f.xml,EstevanPoint,BritishColumbia,97
https://weather.gc.ca/rss/city/bc-83_e.xml,https://meteo.gc.ca/rss/city/bc-83_f.xml,FortNelson,BritishColumbia,98
https://weather.gc.ca/rss/city/bc-78_e.xml,https://meteo.gc.ca/rss/city/bc-78_f.xml,FortSt.John,BritishColumbia,99
https://weather.gc.ca/rss/city/bc-1_e.xml,https://meteo.gc.ca/rss/city/bc-1_f.xml,Gibsons,BritishColumbia,100
https://weather.gc.ca/rss/city/bc-34_e.xml,https://meteo.gc.ca/rss/city/bc-34_f.xml,Golden,BritishColumbia,101
https://weather.gc.ca/rss/city/bc-32_e.xml,https://meteo.gc.ca/rss/city/bc-32_f.xml,GonzalesPoint,BritishColumbia,102
https://weather.gc.ca/rss/city/bc-9_e.xml,https://meteo.gc.ca/rss/city/bc-9_f.xml,GoodHopeLake,BritishColumbia,103
https://weather.gc.ca/rss/city/bc-39_e.xml,https://meteo.gc.ca/rss/city/bc-39_f.xml,GrandForks,BritishColumbia,104
https://weather.gc.ca/rss/city/bc-93_e.xml,https://meteo.gc.ca/rss/city/bc-93_f.xml,GulfIslands(Southern),BritishColumbia,105
https://weather.gc.ca/rss/city/bc-36_e.xml,https://meteo.gc.ca/rss/city/bc-36_f.xml,Hope,BritishColumbia,106
https://weather.gc.ca/rss/city/bc-31_e.xml,https://meteo.gc.ca/rss/city/bc-31_f.xml,HopeSlide,BritishColumbia,107
https://weather.gc.ca/rss/city/bc-72_e.xml,https://meteo.gc.ca/rss/city/bc-72_f.xml,Invermere,BritishColumbia,108
https://weather.gc.ca/rss/city/bc-45_e.xml,https://meteo.gc.ca/rss/city/bc-45_f.xml,Kamloops,BritishColumbia,109
https://weather.gc.ca/rss/city/bc-48_e.xml,https://meteo.gc.ca/rss/city/bc-48_f.xml,Kelowna,BritishColumbia,110
https://weather.gc.ca/rss/city/bc-30_e.xml,https://meteo.gc.ca/rss/city/bc-30_f.xml,Kitimat,BritishColumbia,111
https://weather.gc.ca/rss/city/bc-11_e.xml,https://meteo.gc.ca/rss/city/bc-11_f.xml,Kootenay(NationalPark),BritishColumbia,112
https://weather.gc.ca/rss/city/bc-87_e.xml,https://meteo.gc.ca/rss/city/bc-87_f.xml,LiardRiver,BritishColumbia,113
https://weather.gc.ca/rss/city/bc-28_e.xml,https://meteo.gc.ca/rss/city/bc-28_f.xml,Lillooet,BritishColumbia,114
https://weather.gc.ca/rss/city/bc-33_e.xml,https://meteo.gc.ca/rss/city/bc-33_f.xml,Lytton,BritishColumbia,115
https://weather.gc.ca/rss/city/bc-90_e.xml,https://meteo.gc.ca/rss/city/bc-90_f.xml,Mackenzie,BritishColumbia,116
https://weather.gc.ca/rss/city/bc-29_e.xml,https://meteo.gc.ca/rss/city/bc-29_f.xml,Malahat,BritishColumbia,117
https://weather.gc.ca/rss/city/bc-56_e.xml,https://meteo.gc.ca/rss/city/bc-56_f.xml,Masset,BritishColumbia,118
https://weather.gc.ca/rss/city/bc-47_e.xml,https://meteo.gc.ca/rss/city/bc-47_f.xml,McBride,BritishColumbia,119
https://weather.gc.ca/rss/city/bc-49_e.xml,https://meteo.gc.ca/rss/city/bc-49_f.xml,Merritt,BritishColumbia,120
https://weather.gc.ca/rss/city/bc-63_e.xml,https://meteo.gc.ca/rss/city/bc-63_f.xml,MunchoLake,BritishColumbia,121
https://weather.gc.ca/rss/city/bc-38_e.xml,https://meteo.gc.ca/rss/city/bc-38_f.xml,Nakusp,BritishColumbia,122
https://weather.gc.ca/rss/city/bc-20_e.xml,https://meteo.gc.ca/rss/city/bc-20_f.xml,Nanaimo,BritishColumbia,123
https://weather.gc.ca/rss/city/bc-37_e.xml,https://meteo.gc.ca/rss/city/bc-37_f.xml,Nelson,BritishColumbia,124
https://weather.gc.ca/rss/city/bc-69_e.xml,https://meteo.gc.ca/rss/city/bc-69_f.xml,Osoyoos,BritishColumbia,125
https://weather.gc.ca/rss/city/bc-16_e.xml,https://meteo.gc.ca/rss/city/bc-16_f.xml,Pemberton,BritishColumbia,126
https://weather.gc.ca/rss/city/bc-84_e.xml,https://meteo.gc.ca/rss/city/bc-84_f.xml,Penticton,BritishColumbia,127
https://weather.gc.ca/rss/city/bc-35_e.xml,https://meteo.gc.ca/rss/city/bc-35_f.xml,PittMeadows,BritishColumbia,128
https://weather.gc.ca/rss/city/bc-46_e.xml,https://meteo.gc.ca/rss/city/bc-46_f.xml,PortAlberni,BritishColumbia,129
https://weather.gc.ca/rss/city/bc-89_e.xml,https://meteo.gc.ca/rss/city/bc-89_f.xml,PortHardy,BritishColumbia,130
https://weather.gc.ca/rss/city/bc-58_e.xml,https://meteo.gc.ca/rss/city/bc-58_f.xml,PowellRiver,BritishColumbia,131
https://weather.gc.ca/rss/city/bc-79_e.xml,https://meteo.gc.ca/rss/city/bc-79_f.xml,PrinceGeorge,BritishColumbia,132
https://weather.gc.ca/rss/city/bc-57_e.xml,https://meteo.gc.ca/rss/city/bc-57_f.xml,PrinceRupert,BritishColumbia,133
https://weather.gc.ca/rss/city/bc-41_e.xml,https://meteo.gc.ca/rss/city/bc-41_f.xml,Princeton,BritishColumbia,134
https://weather.gc.ca/rss/city/bc-42_e.xml,https://meteo.gc.ca/rss/city/bc-42_f.xml,PuntziMountain,BritishColumbia,135
https://weather.gc.ca/rss/city/bc-64_e.xml,https://meteo.gc.ca/rss/city/bc-64_f.xml,Quesnel,BritishColumbia,136
https://weather.gc.ca/rss/city/bc-65_e.xml,https://meteo.gc.ca/rss/city/bc-65_f.xml,Revelstoke,BritishColumbia,137
https://weather.gc.ca/rss/city/bc-10_e.xml,https://meteo.gc.ca/rss/city/bc-10_f.xml,RockCreek,BritishColumbia,138
https://weather.gc.ca/rss/city/bc-51_e.xml,https://meteo.gc.ca/rss/city/bc-51_f.xml,SalmonArm,BritishColumbia,139
https://weather.gc.ca/rss/city/bc-88_e.xml,https://meteo.gc.ca/rss/city/bc-88_f.xml,Sandspit,BritishColumbia,140
https://weather.gc.ca/rss/city/bc-3_e.xml,https://meteo.gc.ca/rss/city/bc-3_f.xml,Sechelt,BritishColumbia,141
https://weather.gc.ca/rss/city/bc-82_e.xml,https://meteo.gc.ca/rss/city/bc-82_f.xml,Smithers,BritishColumbia,142
https://weather.gc.ca/rss/city/bc-52_e.xml,https://meteo.gc.ca/rss/city/bc-52_f.xml,Sparwood,BritishColumbia,143
https://weather.gc.ca/rss/city/bc-50_e.xml,https://meteo.gc.ca/rss/city/bc-50_f.xml,Squamish,BritishColumbia,144
https://weather.gc.ca/rss/city/bc-73_e.xml,https://meteo.gc.ca/rss/city/bc-73_f.xml,Stewart,BritishColumbia,145
https://weather.gc.ca/rss/city/bc-54_e.xml,https://meteo.gc.ca/rss/city/bc-54_f.xml,Summerland,BritishColumbia,146
https://weather.gc.ca/rss/city/bc-60_e.xml,https://meteo.gc.ca/rss/city/bc-60_f.xml,TatlayokoLake,BritishColumbia,147
https://weather.gc.ca/rss/city/bc-80_e.xml,https://meteo.gc.ca/rss/city/bc-80_f.xml,Terrace,BritishColumbia,148
https://weather.gc.ca/rss/city/bc-53_e.xml,https://meteo.gc.ca/rss/city/bc-53_f.xml,TetsaRiver(ProvincialPark),BritishColumbia,149
https://weather.gc.ca/rss/city/bc-17_e.xml,https://meteo.gc.ca/rss/city/bc-17_f.xml,Tofino,BritishColumbia,150
https://weather.gc.ca/rss/city/bc-71_e.xml,https://meteo.gc.ca/rss/city/bc-71_f.xml,Trail,BritishColumbia,151
https://weather.gc.ca/rss/city/bc-5_e.xml,https://meteo.gc.ca/rss/city/bc-5_f.xml,Ucluelet,BritishColumbia,152
https://weather.gc.ca/rss/city/bc-13_e.xml,https://meteo.gc.ca/rss/city/bc-13_f.xml,Valemount,BritishColumbia,153
https://weather.gc.ca/rss/city/bc-74_e.xml,https://meteo.gc.ca/rss/city/bc-74_f.xml,Vancouver,BritishColumbia,154
https://weather.gc.ca/rss/city/bc-44_e.xml,https://meteo.gc.ca/rss/city/bc-44_f.xml,Vanderhoof,BritishColumbia,155
https://weather.gc.ca/rss/city/bc-27_e.xml,https://meteo.gc.ca/rss/city/bc-27_f.xml,Vernon,BritishColumbia,156
https://weather.gc.ca/rss/city/bc-85_e.xml,https://meteo.gc.ca/rss/city/bc-85_f.xml,Victoria,BritishColumbia,157
https://weather.gc.ca/rss/city/bc-59_e.xml,https://meteo.gc.ca/rss/city/bc-59_f.xml,Victoria(Hartland),BritishColumbia,158
https://weather.gc.ca/rss/city/bc-66_e.xml,https://meteo.gc.ca/rss/city/bc-66_f.xml,Victoria(Universityof),BritishColumbia,159
https://weather.gc.ca/rss/city/bc-75_e.xml,https://meteo.gc.ca/rss/city/bc-75_f.xml,VictoriaHarbour,BritishColumbia,160
https://weather.gc.ca/rss/city/bc-86_e.xml,https://meteo.gc.ca/rss/city/bc-86_f.xml,Whistler,BritishColumbia,161
https://weather.gc.ca/rss/city/bc-62_e.xml,https://meteo.gc.ca/rss/city/bc-62_f.xml,WhiteRock,BritishColumbia,162
https://weather.gc.ca/rss/city/bc-76_e.xml,https://meteo.gc.ca/rss/city/bc-76_f.xml,WilliamsLake,BritishColumbia,163
https://weather.gc.ca/rss/city/bc-68_e.xml,https://meteo.gc.ca/rss/city/bc-68_f.xml,Yoho(NationalPark),BritishColumbia,164
https://weather.gc.ca/rss/city/mb-3_e.xml,https://meteo.gc.ca/rss/city/mb-3_f.xml,Altona,Manitoba,165
https://weather.gc.ca/rss/city/mb-21_e.xml,https://meteo.gc.ca/rss/city/mb-21_f.xml,Arnes,Manitoba,166
https://weather.gc.ca/rss/city/mb-43_e.xml,https://meteo.gc.ca/rss/city/mb-43_f.xml,BachelorsIsland,Manitoba,167
https://weather.gc.ca/rss/city/mb-54_e.xml,https://meteo.gc.ca/rss/city/mb-54_f.xml,BerensRiver,Manitoba,168
https://weather.gc.ca/rss/city/mb-33_e.xml,https://meteo.gc.ca/rss/city/mb-33_f.xml,Bissett,Manitoba,169
https://weather.gc.ca/rss/city/mb-37_e.xml,https://meteo.gc.ca/rss/city/mb-37_f.xml,Bloodvein,Manitoba,170
https://weather.gc.ca/rss/city/mb-52_e.xml,https://meteo.gc.ca/rss/city/mb-52_f.xml,Brandon,Manitoba,171
https://weather.gc.ca/rss/city/mb-53_e.xml,https://meteo.gc.ca/rss/city/mb-53_f.xml,Brochet,Manitoba,172
https://weather.gc.ca/rss/city/mb-35_e.xml,https://meteo.gc.ca/rss/city/mb-35_f.xml,Carberry,Manitoba,173
https://weather.gc.ca/rss/city/mb-65_e.xml,https://meteo.gc.ca/rss/city/mb-65_f.xml,Carman,Manitoba,174
https://weather.gc.ca/rss/city/mb-42_e.xml,https://meteo.gc.ca/rss/city/mb-42_f.xml,Churchill,Manitoba,175
https://weather.gc.ca/rss/city/mb-58_e.xml,https://meteo.gc.ca/rss/city/mb-58_f.xml,Dauphin,Manitoba,176
https://weather.gc.ca/rss/city/mb-49_e.xml,https://meteo.gc.ca/rss/city/mb-49_f.xml,Deerwood,Manitoba,177
https://weather.gc.ca/rss/city/mb-40_e.xml,https://meteo.gc.ca/rss/city/mb-40_f.xml,Delta,Manitoba,178
https://weather.gc.ca/rss/city/mb-2_e.xml,https://meteo.gc.ca/rss/city/mb-2_f.xml,DominionCity,Manitoba,179
https://weather.gc.ca/rss/city/mb-47_e.xml,https://meteo.gc.ca/rss/city/mb-47_f.xml,Emerson,Manitoba,180
https://weather.gc.ca/rss/city/mb-24_e.xml,https://meteo.gc.ca/rss/city/mb-24_f.xml,FisherBranch,Manitoba,181
https://weather.gc.ca/rss/city/mb-60_e.xml,https://meteo.gc.ca/rss/city/mb-60_f.xml,FlinFlon,Manitoba,182
https://weather.gc.ca/rss/city/mb-64_e.xml,https://meteo.gc.ca/rss/city/mb-64_f.xml,Gillam,Manitoba,183
https://weather.gc.ca/rss/city/mb-62_e.xml,https://meteo.gc.ca/rss/city/mb-62_f.xml,Gimli,Manitoba,184
https://weather.gc.ca/rss/city/mb-63_e.xml,https://meteo.gc.ca/rss/city/mb-63_f.xml,GodsLake,Manitoba,185
https://weather.gc.ca/rss/city/mb-9_e.xml,https://meteo.gc.ca/rss/city/mb-9_f.xml,GrandBeach,Manitoba,186
https://weather.gc.ca/rss/city/mb-57_e.xml,https://meteo.gc.ca/rss/city/mb-57_f.xml,GrandRapids,Manitoba,187
https://weather.gc.ca/rss/city/mb-48_e.xml,https://meteo.gc.ca/rss/city/mb-48_f.xml,Gretna,Manitoba,188
https://weather.gc.ca/rss/city/mb-50_e.xml,https://meteo.gc.ca/rss/city/mb-50_f.xml,HuntersPoint,Manitoba,189
https://weather.gc.ca/rss/city/mb-59_e.xml,https://meteo.gc.ca/rss/city/mb-59_f.xml,IslandLake,Manitoba,190
https://weather.gc.ca/rss/city/mb-22_e.xml,https://meteo.gc.ca/rss/city/mb-22_f.xml,LeafRapids,Manitoba,191
https://weather.gc.ca/rss/city/mb-18_e.xml,https://meteo.gc.ca/rss/city/mb-18_f.xml,LittleGrandRapids,Manitoba,192
https://weather.gc.ca/rss/city/mb-41_e.xml,https://meteo.gc.ca/rss/city/mb-41_f.xml,LynnLake,Manitoba,193
https://weather.gc.ca/rss/city/mb-15_e.xml,https://meteo.gc.ca/rss/city/mb-15_f.xml,McCreary,Manitoba,194
https://weather.gc.ca/rss/city/mb-45_e.xml,https://meteo.gc.ca/rss/city/mb-45_f.xml,Melita,Manitoba,195
https://weather.gc.ca/rss/city/mb-10_e.xml,https://meteo.gc.ca/rss/city/mb-10_f.xml,Minnedosa,Manitoba,196
https://weather.gc.ca/rss/city/mb-17_e.xml,https://meteo.gc.ca/rss/city/mb-17_f.xml,Morden,Manitoba,197
https://weather.gc.ca/rss/city/mb-11_e.xml,https://meteo.gc.ca/rss/city/mb-11_f.xml,Morris,Manitoba,198
https://weather.gc.ca/rss/city/mb-25_e.xml,https://meteo.gc.ca/rss/city/mb-25_f.xml,NorwayHouse,Manitoba,199
https://weather.gc.ca/rss/city/mb-14_e.xml,https://meteo.gc.ca/rss/city/mb-14_f.xml,OakPoint,Manitoba,200
https://weather.gc.ca/rss/city/mb-27_e.xml,https://meteo.gc.ca/rss/city/mb-27_f.xml,OxfordHouse,Manitoba,201
https://weather.gc.ca/rss/city/mb-19_e.xml,https://meteo.gc.ca/rss/city/mb-19_f.xml,PilotMound,Manitoba,202
https://weather.gc.ca/rss/city/mb-44_e.xml,https://meteo.gc.ca/rss/city/mb-44_f.xml,Pinawa,Manitoba,203
https://weather.gc.ca/rss/city/mb-4_e.xml,https://meteo.gc.ca/rss/city/mb-4_f.xml,PineFalls,Manitoba,204
https://weather.gc.ca/rss/city/mb-5_e.xml,https://meteo.gc.ca/rss/city/mb-5_f.xml,PoplarRiver,Manitoba,205
https://weather.gc.ca/rss/city/mb-29_e.xml,https://meteo.gc.ca/rss/city/mb-29_f.xml,PortagelaPrairie,Manitoba,206
https://weather.gc.ca/rss/city/mb-67_e.xml,https://meteo.gc.ca/rss/city/mb-67_f.xml,Pukatawagan,Manitoba,207
https://weather.gc.ca/rss/city/mb-6_e.xml,https://meteo.gc.ca/rss/city/mb-6_f.xml,Richer,Manitoba,208
https://weather.gc.ca/rss/city/mb-32_e.xml,https://meteo.gc.ca/rss/city/mb-32_f.xml,Roblin,Manitoba,209
https://weather.gc.ca/rss/city/mb-39_e.xml,https://meteo.gc.ca/rss/city/mb-39_f.xml,Shamattawa,Manitoba,210
https://weather.gc.ca/rss/city/mb-61_e.xml,https://meteo.gc.ca/rss/city/mb-61_f.xml,Shilo,Manitoba,211
https://weather.gc.ca/rss/city/mb-28_e.xml,https://meteo.gc.ca/rss/city/mb-28_f.xml,ShoalLake,Manitoba,212
https://weather.gc.ca/rss/city/mb-12_e.xml,https://meteo.gc.ca/rss/city/mb-12_f.xml,SnowLake,Manitoba,213
https://weather.gc.ca/rss/city/mb-16_e.xml,https://meteo.gc.ca/rss/city/mb-16_f.xml,Souris,Manitoba,214
https://weather.gc.ca/rss/city/mb-23_e.xml,https://meteo.gc.ca/rss/city/mb-23_f.xml,Sprague,Manitoba,215
https://weather.gc.ca/rss/city/mb-13_e.xml,https://meteo.gc.ca/rss/city/mb-13_f.xml,Steinbach,Manitoba,216
https://weather.gc.ca/rss/city/mb-46_e.xml,https://meteo.gc.ca/rss/city/mb-46_f.xml,SwanRiver,Manitoba,217
https://weather.gc.ca/rss/city/mb-51_e.xml,https://meteo.gc.ca/rss/city/mb-51_f.xml,TadouleLake,Manitoba,218
https://weather.gc.ca/rss/city/mb-30_e.xml,https://meteo.gc.ca/rss/city/mb-30_f.xml,ThePas,Manitoba,219
https://weather.gc.ca/rss/city/mb-34_e.xml,https://meteo.gc.ca/rss/city/mb-34_f.xml,Thompson,Manitoba,220
https://weather.gc.ca/rss/city/mb-66_e.xml,https://meteo.gc.ca/rss/city/mb-66_f.xml,TurtleMountain(ProvincialPark),Manitoba,221
https://weather.gc.ca/rss/city/mb-55_e.xml,https://meteo.gc.ca/rss/city/mb-55_f.xml,VictoriaBeach,Manitoba,222
https://weather.gc.ca/rss/city/mb-20_e.xml,https://meteo.gc.ca/rss/city/mb-20_f.xml,Virden,Manitoba,223
https://weather.gc.ca/rss/city/mb-7_e.xml,https://meteo.gc.ca/rss/city/mb-7_f.xml,Vita,Manitoba,224
https://weather.gc.ca/rss/city/mb-31_e.xml,https://meteo.gc.ca/rss/city/mb-31_f.xml,Wasagaming,Manitoba,225
https://weather.gc.ca/rss/city/mb-8_e.xml,https://meteo.gc.ca/rss/city/mb-8_f.xml,Whiteshell,Manitoba,226
https://weather.gc.ca/rss/city/mb-26_e.xml,https://meteo.gc.ca/rss/city/mb-26_f.xml,Winkler,Manitoba,227
https://weather.gc.ca/rss/city/mb-38_e.xml,https://meteo.gc.ca/rss/city/mb-38_f.xml,Winnipeg,Manitoba,228
https://weather.gc.ca/rss/city/mb-36_e.xml,https://meteo.gc.ca/rss/city/mb-36_f.xml,Winnipeg(TheForks),Manitoba,229
https://weather.gc.ca/rss/city/mb-56_e.xml,https://meteo.gc.ca/rss/city/mb-56_f.xml,YorkFactory,Manitoba,230
https://weather.gc.ca/rss/city/nb-22_e.xml,https://meteo.gc.ca/rss/city/nb-22_f.xml,Bas-Caraquet,NewBrunswick,231
https://weather.gc.ca/rss/city/nb-28_e.xml,https://meteo.gc.ca/rss/city/nb-28_f.xml,Bathurst,NewBrunswick,232
https://weather.gc.ca/rss/city/nb-1_e.xml,https://meteo.gc.ca/rss/city/nb-1_f.xml,Bouctouche,NewBrunswick,233
https://weather.gc.ca/rss/city/nb-2_e.xml,https://meteo.gc.ca/rss/city/nb-2_f.xml,Campbellton,NewBrunswick,234
https://weather.gc.ca/rss/city/nb-30_e.xml,https://meteo.gc.ca/rss/city/nb-30_f.xml,Charlo,NewBrunswick,235
https://weather.gc.ca/rss/city/nb-3_e.xml,https://meteo.gc.ca/rss/city/nb-3_f.xml,Chipman,NewBrunswick,236
https://weather.gc.ca/rss/city/nb-26_e.xml,https://meteo.gc.ca/rss/city/nb-26_f.xml,Dalhousie,NewBrunswick,237
https://weather.gc.ca/rss/city/nb-4_e.xml,https://meteo.gc.ca/rss/city/nb-4_f.xml,Doaktown,NewBrunswick,238
https://weather.gc.ca/rss/city/nb-32_e.xml,https://meteo.gc.ca/rss/city/nb-32_f.xml,Edmundston,NewBrunswick,239
https://weather.gc.ca/rss/city/nb-29_e.xml,https://meteo.gc.ca/rss/city/nb-29_f.xml,Fredericton,NewBrunswick,240
https://weather.gc.ca/rss/city/nb-5_e.xml,https://meteo.gc.ca/rss/city/nb-5_f.xml,Fundy(NationalPark),NewBrunswick,241
https://weather.gc.ca/rss/city/nb-6_e.xml,https://meteo.gc.ca/rss/city/nb-6_f.xml,GrandFalls,NewBrunswick,242
https://weather.gc.ca/rss/city/nb-27_e.xml,https://meteo.gc.ca/rss/city/nb-27_f.xml,GrandManan,NewBrunswick,243
https://weather.gc.ca/rss/city/nb-8_e.xml,https://meteo.gc.ca/rss/city/nb-8_f.xml,Hopewell,NewBrunswick,244
https://weather.gc.ca/rss/city/nb-9_e.xml,https://meteo.gc.ca/rss/city/nb-9_f.xml,Kouchibouguac,NewBrunswick,245
https://weather.gc.ca/rss/city/nb-25_e.xml,https://meteo.gc.ca/rss/city/nb-25_f.xml,Miramichi,NewBrunswick,246
https://weather.gc.ca/rss/city/nb-31_e.xml,https://meteo.gc.ca/rss/city/nb-31_f.xml,MiscouIsland,NewBrunswick,247
https://weather.gc.ca/rss/city/nb-36_e.xml,https://meteo.gc.ca/rss/city/nb-36_f.xml,Moncton,NewBrunswick,248
https://weather.gc.ca/rss/city/nb-10_e.xml,https://meteo.gc.ca/rss/city/nb-10_f.xml,MountCarleton(ProvincialPark),NewBrunswick,249
https://weather.gc.ca/rss/city/nb-11_e.xml,https://meteo.gc.ca/rss/city/nb-11_f.xml,Oromocto,NewBrunswick,250
https://weather.gc.ca/rss/city/nb-34_e.xml,https://meteo.gc.ca/rss/city/nb-34_f.xml,PointEscuminac,NewBrunswick,251
https://weather.gc.ca/rss/city/nb-33_e.xml,https://meteo.gc.ca/rss/city/nb-33_f.xml,PointLepreau,NewBrunswick,252
https://weather.gc.ca/rss/city/nb-12_e.xml,https://meteo.gc.ca/rss/city/nb-12_f.xml,Quispamsis,NewBrunswick,253
https://weather.gc.ca/rss/city/nb-13_e.xml,https://meteo.gc.ca/rss/city/nb-13_f.xml,Richibucto,NewBrunswick,254
https://weather.gc.ca/rss/city/nb-14_e.xml,https://meteo.gc.ca/rss/city/nb-14_f.xml,Rogersville,NewBrunswick,255
https://weather.gc.ca/rss/city/nb-15_e.xml,https://meteo.gc.ca/rss/city/nb-15_f.xml,Sackville,NewBrunswick,256
https://weather.gc.ca/rss/city/nb-18_e.xml,https://meteo.gc.ca/rss/city/nb-18_f.xml,SaintAndrews,NewBrunswick,257
https://weather.gc.ca/rss/city/nb-23_e.xml,https://meteo.gc.ca/rss/city/nb-23_f.xml,SaintJohn,NewBrunswick,258
https://weather.gc.ca/rss/city/nb-16_e.xml,https://meteo.gc.ca/rss/city/nb-16_f.xml,Saint-Quentin,NewBrunswick,259
https://weather.gc.ca/rss/city/nb-17_e.xml,https://meteo.gc.ca/rss/city/nb-17_f.xml,Shediac,NewBrunswick,260
https://weather.gc.ca/rss/city/nb-24_e.xml,https://meteo.gc.ca/rss/city/nb-24_f.xml,St.Leonard,NewBrunswick,261
https://weather.gc.ca/rss/city/nb-35_e.xml,https://meteo.gc.ca/rss/city/nb-35_f.xml,St.Stephen,NewBrunswick,262
https://weather.gc.ca/rss/city/nb-19_e.xml,https://meteo.gc.ca/rss/city/nb-19_f.xml,Sussex,NewBrunswick,263
https://weather.gc.ca/rss/city/nb-20_e.xml,https://meteo.gc.ca/rss/city/nb-20_f.xml,Tracadie-Sheila,NewBrunswick,264
https://weather.gc.ca/rss/city/nb-21_e.xml,https://meteo.gc.ca/rss/city/nb-21_f.xml,Woodstock,NewBrunswick,265
https://weather.gc.ca/rss/city/nl-34_e.xml,https://meteo.gc.ca/rss/city/nl-34_f.xml,Badger,NewfoundlandandLabrodor,266
https://weather.gc.ca/rss/city/nl-43_e.xml,https://meteo.gc.ca/rss/city/nl-43_f.xml,BayRoberts,NewfoundlandandLabrodor,267
https://weather.gc.ca/rss/city/nl-14_e.xml,https://meteo.gc.ca/rss/city/nl-14_f.xml,Bonavista,NewfoundlandandLabrodor,268
https://weather.gc.ca/rss/city/nl-4_e.xml,https://meteo.gc.ca/rss/city/nl-4_f.xml,Buchans,NewfoundlandandLabrodor,269
https://weather.gc.ca/rss/city/nl-31_e.xml,https://meteo.gc.ca/rss/city/nl-31_f.xml,Burgeo,NewfoundlandandLabrodor,270
https://weather.gc.ca/rss/city/nl-2_e.xml,https://meteo.gc.ca/rss/city/nl-2_f.xml,Campbellton,NewfoundlandandLabrodor,271
https://weather.gc.ca/rss/city/nl-28_e.xml,https://meteo.gc.ca/rss/city/nl-28_f.xml,CapeRace,NewfoundlandandLabrodor,272
https://weather.gc.ca/rss/city/nl-32_e.xml,https://meteo.gc.ca/rss/city/nl-32_f.xml,Cartwright,NewfoundlandandLabrodor,273
https://weather.gc.ca/rss/city/nl-47_e.xml,https://meteo.gc.ca/rss/city/nl-47_f.xml,CartwrightJunction(Trans-LabradorHwy),NewfoundlandandLabrodor,274
https://weather.gc.ca/rss/city/nl-17_e.xml,https://meteo.gc.ca/rss/city/nl-17_f.xml,Channel-PortauxBasques,NewfoundlandandLabrodor,275
https://weather.gc.ca/rss/city/nl-21_e.xml,https://meteo.gc.ca/rss/city/nl-21_f.xml,ChurchillFalls,NewfoundlandandLabrodor,276
https://weather.gc.ca/rss/city/nl-1_e.xml,https://meteo.gc.ca/rss/city/nl-1_f.xml,Clarenville,NewfoundlandandLabrodor,277
https://weather.gc.ca/rss/city/nl-41_e.xml,https://meteo.gc.ca/rss/city/nl-41_f.xml,CornerBrook,NewfoundlandandLabrodor,278
https://weather.gc.ca/rss/city/nl-33_e.xml,https://meteo.gc.ca/rss/city/nl-33_f.xml,Daniel'sHarbour,NewfoundlandandLabrodor,279
https://weather.gc.ca/rss/city/nl-39_e.xml,https://meteo.gc.ca/rss/city/nl-39_f.xml,DeerLake,NewfoundlandandLabrodor,280
https://weather.gc.ca/rss/city/nl-44_e.xml,https://meteo.gc.ca/rss/city/nl-44_f.xml,Englee,NewfoundlandandLabrodor,281
https://weather.gc.ca/rss/city/nl-16_e.xml,https://meteo.gc.ca/rss/city/nl-16_f.xml,Gander,NewfoundlandandLabrodor,282
https://weather.gc.ca/rss/city/nl-5_e.xml,https://meteo.gc.ca/rss/city/nl-5_f.xml,GrandBank,NewfoundlandandLabrodor,283
https://weather.gc.ca/rss/city/nl-6_e.xml,https://meteo.gc.ca/rss/city/nl-6_f.xml,GrandFalls-Windsor,NewfoundlandandLabrodor,284
https://weather.gc.ca/rss/city/nl-7_e.xml,https://meteo.gc.ca/rss/city/nl-7_f.xml,GrosMorne,NewfoundlandandLabrodor,285
https://weather.gc.ca/rss/city/nl-48_e.xml,https://meteo.gc.ca/rss/city/nl-48_f.xml,GullIslandRapids(Trans-LabradorHwy),NewfoundlandandLabrodor,286
https://weather.gc.ca/rss/city/nl-23_e.xml,https://meteo.gc.ca/rss/city/nl-23_f.xml,HappyValley-GooseBay,NewfoundlandandLabrodor,287
https://weather.gc.ca/rss/city/nl-38_e.xml,https://meteo.gc.ca/rss/city/nl-38_f.xml,Hopedale,NewfoundlandandLabrodor,288
https://weather.gc.ca/rss/city/nl-45_e.xml,https://meteo.gc.ca/rss/city/nl-45_f.xml,L'Anse-au-Loup,NewfoundlandandLabrodor,289
https://weather.gc.ca/rss/city/nl-22_e.xml,https://meteo.gc.ca/rss/city/nl-22_f.xml,LaScie,NewfoundlandandLabrodor,290
https://weather.gc.ca/rss/city/nl-20_e.xml,https://meteo.gc.ca/rss/city/nl-20_f.xml,LabradorCity,NewfoundlandandLabrodor,291
https://weather.gc.ca/rss/city/nl-9_e.xml,https://meteo.gc.ca/rss/city/nl-9_f.xml,Lewisporte,NewfoundlandandLabrodor,292
https://weather.gc.ca/rss/city/nl-25_e.xml,https://meteo.gc.ca/rss/city/nl-25_f.xml,Makkovik,NewfoundlandandLabrodor,293
https://weather.gc.ca/rss/city/nl-26_e.xml,https://meteo.gc.ca/rss/city/nl-26_f.xml,MarbleMountain,NewfoundlandandLabrodor,294
https://weather.gc.ca/rss/city/nl-29_e.xml,https://meteo.gc.ca/rss/city/nl-29_f.xml,Mary'sHarbour,NewfoundlandandLabrodor,295
https://weather.gc.ca/rss/city/nl-3_e.xml,https://meteo.gc.ca/rss/city/nl-3_f.xml,Marystown,NewfoundlandandLabrodor,296
https://weather.gc.ca/rss/city/nl-10_e.xml,https://meteo.gc.ca/rss/city/nl-10_f.xml,MusgraveHarbour,NewfoundlandandLabrodor,297
https://weather.gc.ca/rss/city/nl-40_e.xml,https://meteo.gc.ca/rss/city/nl-40_f.xml,Nain,NewfoundlandandLabrodor,298
https://weather.gc.ca/rss/city/nl-42_e.xml,https://meteo.gc.ca/rss/city/nl-42_f.xml,New-Wes-Valley,NewfoundlandandLabrodor,299
https://weather.gc.ca/rss/city/nl-30_e.xml,https://meteo.gc.ca/rss/city/nl-30_f.xml,Placentia,NewfoundlandandLabrodor,300
https://weather.gc.ca/rss/city/nl-11_e.xml,https://meteo.gc.ca/rss/city/nl-11_f.xml,PortauChoix,NewfoundlandandLabrodor,301
https://weather.gc.ca/rss/city/nl-46_e.xml,https://meteo.gc.ca/rss/city/nl-46_f.xml,Rigolet,NewfoundlandandLabrodor,302
https://weather.gc.ca/rss/city/nl-13_e.xml,https://meteo.gc.ca/rss/city/nl-13_f.xml,RockyHarbour,NewfoundlandandLabrodor,303
https://weather.gc.ca/rss/city/nl-8_e.xml,https://meteo.gc.ca/rss/city/nl-8_f.xml,St.Alban's,NewfoundlandandLabrodor,304
https://weather.gc.ca/rss/city/nl-37_e.xml,https://meteo.gc.ca/rss/city/nl-37_f.xml,St.Anthony,NewfoundlandandLabrodor,305
https://weather.gc.ca/rss/city/nl-24_e.xml,https://meteo.gc.ca/rss/city/nl-24_f.xml,St.John's,NewfoundlandandLabrodor,306
https://weather.gc.ca/rss/city/nl-36_e.xml,https://meteo.gc.ca/rss/city/nl-36_f.xml,St.Lawrence,NewfoundlandandLabrodor,307
https://weather.gc.ca/rss/city/nl-27_e.xml,https://meteo.gc.ca/rss/city/nl-27_f.xml,Stephenville,NewfoundlandandLabrodor,308
https://weather.gc.ca/rss/city/nl-15_e.xml,https://meteo.gc.ca/rss/city/nl-15_f.xml,TerraNova(NationalPark),NewfoundlandandLabrodor,309
https://weather.gc.ca/rss/city/nl-35_e.xml,https://meteo.gc.ca/rss/city/nl-35_f.xml,Twillingate,NewfoundlandandLabrodor,310
https://weather.gc.ca/rss/city/nl-12_e.xml,https://meteo.gc.ca/rss/city/nl-12_f.xml,WabushLake,NewfoundlandandLabrodor,311
https://weather.gc.ca/rss/city/nl-19_e.xml,https://meteo.gc.ca/rss/city/nl-19_f.xml,Winterland,NewfoundlandandLabrodor,312
https://weather.gc.ca/rss/city/nl-18_e.xml,https://meteo.gc.ca/rss/city/nl-18_f.xml,Wreckhouse,NewfoundlandandLabrodor,313
https://weather.gc.ca/rss/city/ns-33_e.xml,https://meteo.gc.ca/rss/city/ns-33_f.xml,Amherst,NovaScotia,314
https://weather.gc.ca/rss/city/ns-2_e.xml,https://meteo.gc.ca/rss/city/ns-2_f.xml,AnnapolisRoyal,NovaScotia,315
https://weather.gc.ca/rss/city/ns-3_e.xml,https://meteo.gc.ca/rss/city/ns-3_f.xml,Antigonish,NovaScotia,316
https://weather.gc.ca/rss/city/ns-37_e.xml,https://meteo.gc.ca/rss/city/ns-37_f.xml,BaccaroPoint,NovaScotia,317
https://weather.gc.ca/rss/city/ns-4_e.xml,https://meteo.gc.ca/rss/city/ns-4_f.xml,Baddeck,NovaScotia,318
https://weather.gc.ca/rss/city/ns-36_e.xml,https://meteo.gc.ca/rss/city/ns-36_f.xml,BeaverIsland,NovaScotia,319
https://weather.gc.ca/rss/city/ns-5_e.xml,https://meteo.gc.ca/rss/city/ns-5_f.xml,Bridgetown,NovaScotia,320
https://weather.gc.ca/rss/city/ns-6_e.xml,https://meteo.gc.ca/rss/city/ns-6_f.xml,Bridgewater,NovaScotia,321
https://weather.gc.ca/rss/city/ns-27_e.xml,https://meteo.gc.ca/rss/city/ns-27_f.xml,BrierIsland,NovaScotia,322
https://weather.gc.ca/rss/city/ns-41_e.xml,https://meteo.gc.ca/rss/city/ns-41_f.xml,CapeGeorge,NovaScotia,323
https://weather.gc.ca/rss/city/ns-34_e.xml,https://meteo.gc.ca/rss/city/ns-34_f.xml,Caribou,NovaScotia,324
https://weather.gc.ca/rss/city/ns-38_e.xml,https://meteo.gc.ca/rss/city/ns-38_f.xml,Ch̩ticamp,NovaScotia,325
https://weather.gc.ca/rss/city/ns-20_e.xml,https://meteo.gc.ca/rss/city/ns-20_f.xml,Digby,NovaScotia,326
https://weather.gc.ca/rss/city/ns-7_e.xml,https://meteo.gc.ca/rss/city/ns-7_f.xml,Economy,NovaScotia,327
https://weather.gc.ca/rss/city/ns-44_e.xml,https://meteo.gc.ca/rss/city/ns-44_f.xml,Eskasoni,NovaScotia,328
https://weather.gc.ca/rss/city/ns-24_e.xml,https://meteo.gc.ca/rss/city/ns-24_f.xml,FourchuHead,NovaScotia,329
https://weather.gc.ca/rss/city/ns-32_e.xml,https://meteo.gc.ca/rss/city/ns-32_f.xml,Grand��tang,NovaScotia,330
https://weather.gc.ca/rss/city/ns-35_e.xml,https://meteo.gc.ca/rss/city/ns-35_f.xml,Greenwood,NovaScotia,331
https://weather.gc.ca/rss/city/ns-8_e.xml,https://meteo.gc.ca/rss/city/ns-8_f.xml,Guysborough,NovaScotia,332
https://weather.gc.ca/rss/city/ns-19_e.xml,https://meteo.gc.ca/rss/city/ns-19_f.xml,Halifax,NovaScotia,333
https://weather.gc.ca/rss/city/ns-40_e.xml,https://meteo.gc.ca/rss/city/ns-40_f.xml,Halifax(Shearwater),NovaScotia,334
https://weather.gc.ca/rss/city/ns-23_e.xml,https://meteo.gc.ca/rss/city/ns-23_f.xml,HartIsland,NovaScotia,335
https://weather.gc.ca/rss/city/ns-16_e.xml,https://meteo.gc.ca/rss/city/ns-16_f.xml,Ingonish,NovaScotia,336
https://weather.gc.ca/rss/city/ns-42_e.xml,https://meteo.gc.ca/rss/city/ns-42_f.xml,Kejimkujik(NationalPark),NovaScotia,337
https://weather.gc.ca/rss/city/ns-17_e.xml,https://meteo.gc.ca/rss/city/ns-17_f.xml,Kentville,NovaScotia,338
https://weather.gc.ca/rss/city/ns-39_e.xml,https://meteo.gc.ca/rss/city/ns-39_f.xml,Liverpool,NovaScotia,339
https://weather.gc.ca/rss/city/ns-21_e.xml,https://meteo.gc.ca/rss/city/ns-21_f.xml,Lunenburg,NovaScotia,340
https://weather.gc.ca/rss/city/ns-22_e.xml,https://meteo.gc.ca/rss/city/ns-22_f.xml,MalayFalls,NovaScotia,341
https://weather.gc.ca/rss/city/ns-1_e.xml,https://meteo.gc.ca/rss/city/ns-1_f.xml,NewGlasgow,NovaScotia,342
https://weather.gc.ca/rss/city/ns-18_e.xml,https://meteo.gc.ca/rss/city/ns-18_f.xml,NorthEastMargaree,NovaScotia,343
https://weather.gc.ca/rss/city/ns-43_e.xml,https://meteo.gc.ca/rss/city/ns-43_f.xml,NorthMountain(CapeBreton),NovaScotia,344
https://weather.gc.ca/rss/city/ns-13_e.xml,https://meteo.gc.ca/rss/city/ns-13_f.xml,Parrsboro,NovaScotia,345
https://weather.gc.ca/rss/city/ns-26_e.xml,https://meteo.gc.ca/rss/city/ns-26_f.xml,PortHawkesbury,NovaScotia,346
https://weather.gc.ca/rss/city/ns-10_e.xml,https://meteo.gc.ca/rss/city/ns-10_f.xml,SheetHarbour,NovaScotia,347
https://weather.gc.ca/rss/city/ns-11_e.xml,https://meteo.gc.ca/rss/city/ns-11_f.xml,Shelburne,NovaScotia,348
https://weather.gc.ca/rss/city/ns-12_e.xml,https://meteo.gc.ca/rss/city/ns-12_f.xml,St.Peter's,NovaScotia,349
https://weather.gc.ca/rss/city/ns-31_e.xml,https://meteo.gc.ca/rss/city/ns-31_f.xml,Sydney,NovaScotia,350
https://weather.gc.ca/rss/city/ns-14_e.xml,https://meteo.gc.ca/rss/city/ns-14_f.xml,Tatamagouche,NovaScotia,351
https://weather.gc.ca/rss/city/ns-28_e.xml,https://meteo.gc.ca/rss/city/ns-28_f.xml,Tracadie,NovaScotia,352
https://weather.gc.ca/rss/city/ns-25_e.xml,https://meteo.gc.ca/rss/city/ns-25_f.xml,Truro,NovaScotia,353
https://weather.gc.ca/rss/city/ns-30_e.xml,https://meteo.gc.ca/rss/city/ns-30_f.xml,WesternHead,NovaScotia,354
https://weather.gc.ca/rss/city/ns-15_e.xml,https://meteo.gc.ca/rss/city/ns-15_f.xml,Windsor,NovaScotia,355
https://weather.gc.ca/rss/city/ns-29_e.xml,https://meteo.gc.ca/rss/city/ns-29_f.xml,Yarmouth,NovaScotia,356
https://weather.gc.ca/rss/city/nt-13_e.xml,https://meteo.gc.ca/rss/city/nt-13_f.xml,Aklavik,NorthwestTerritories,357
https://weather.gc.ca/rss/city/nt-26_e.xml,https://meteo.gc.ca/rss/city/nt-26_f.xml,ColvilleLake,NorthwestTerritories,358
https://weather.gc.ca/rss/city/nt-22_e.xml,https://meteo.gc.ca/rss/city/nt-22_f.xml,Deline,NorthwestTerritories,359
https://weather.gc.ca/rss/city/nt-1_e.xml,https://meteo.gc.ca/rss/city/nt-1_f.xml,Detah,NorthwestTerritories,360
https://weather.gc.ca/rss/city/nt-14_e.xml,https://meteo.gc.ca/rss/city/nt-14_f.xml,Ekati(LacdeGras),NorthwestTerritories,361
https://weather.gc.ca/rss/city/nt-2_e.xml,https://meteo.gc.ca/rss/city/nt-2_f.xml,Enterprise,NorthwestTerritories,362
https://weather.gc.ca/rss/city/nt-5_e.xml,https://meteo.gc.ca/rss/city/nt-5_f.xml,FortGoodHope,NorthwestTerritories,363
https://weather.gc.ca/rss/city/nt-29_e.xml,https://meteo.gc.ca/rss/city/nt-29_f.xml,FortLiard,NorthwestTerritories,364
https://weather.gc.ca/rss/city/nt-10_e.xml,https://meteo.gc.ca/rss/city/nt-10_f.xml,FortMcPherson,NorthwestTerritories,365
https://weather.gc.ca/rss/city/nt-27_e.xml,https://meteo.gc.ca/rss/city/nt-27_f.xml,FortProvidence,NorthwestTerritories,366
https://weather.gc.ca/rss/city/nt-3_e.xml,https://meteo.gc.ca/rss/city/nt-3_f.xml,FortResolution,NorthwestTerritories,367
https://weather.gc.ca/rss/city/nt-4_e.xml,https://meteo.gc.ca/rss/city/nt-4_f.xml,FortSimpson,NorthwestTerritories,368
https://weather.gc.ca/rss/city/nt-17_e.xml,https://meteo.gc.ca/rss/city/nt-17_f.xml,FortSmith,NorthwestTerritories,369
https://weather.gc.ca/rss/city/nt-18_e.xml,https://meteo.gc.ca/rss/city/nt-18_f.xml,Gameti,NorthwestTerritories,370
https://weather.gc.ca/rss/city/nt-8_e.xml,https://meteo.gc.ca/rss/city/nt-8_f.xml,HayRiver,NorthwestTerritories,371
https://weather.gc.ca/rss/city/nt-28_e.xml,https://meteo.gc.ca/rss/city/nt-28_f.xml,IndinRiver,NorthwestTerritories,372
https://weather.gc.ca/rss/city/nt-30_e.xml,https://meteo.gc.ca/rss/city/nt-30_f.xml,Inuvik,NorthwestTerritories,373
https://weather.gc.ca/rss/city/nt-31_e.xml,https://meteo.gc.ca/rss/city/nt-31_f.xml,Lutselke,NorthwestTerritories,374
https://weather.gc.ca/rss/city/nt-12_e.xml,https://meteo.gc.ca/rss/city/nt-12_f.xml,NahanniButte,NorthwestTerritories,375
https://weather.gc.ca/rss/city/nt-21_e.xml,https://meteo.gc.ca/rss/city/nt-21_f.xml,NormanWells,NorthwestTerritories,376
https://weather.gc.ca/rss/city/nt-16_e.xml,https://meteo.gc.ca/rss/city/nt-16_f.xml,Paulatuk,NorthwestTerritories,377
https://weather.gc.ca/rss/city/nt-19_e.xml,https://meteo.gc.ca/rss/city/nt-19_f.xml,SachsHarbour,NorthwestTerritories,378
https://weather.gc.ca/rss/city/nt-15_e.xml,https://meteo.gc.ca/rss/city/nt-15_f.xml,TroutLake,NorthwestTerritories,379
https://weather.gc.ca/rss/city/nt-20_e.xml,https://meteo.gc.ca/rss/city/nt-20_f.xml,Tuktoyaktuk,NorthwestTerritories,380
https://weather.gc.ca/rss/city/nt-11_e.xml,https://meteo.gc.ca/rss/city/nt-11_f.xml,Tulita,NorthwestTerritories,381
https://weather.gc.ca/rss/city/nt-7_e.xml,https://meteo.gc.ca/rss/city/nt-7_f.xml,Ulukhaktok,NorthwestTerritories,382
https://weather.gc.ca/rss/city/nt-9_e.xml,https://meteo.gc.ca/rss/city/nt-9_f.xml,Wekweeti,NorthwestTerritories,383
https://weather.gc.ca/rss/city/nt-6_e.xml,https://meteo.gc.ca/rss/city/nt-6_f.xml,Whati,NorthwestTerritories,384
https://weather.gc.ca/rss/city/nt-23_e.xml,https://meteo.gc.ca/rss/city/nt-23_f.xml,Wrigley,NorthwestTerritories,385
https://weather.gc.ca/rss/city/nt-24_e.xml,https://meteo.gc.ca/rss/city/nt-24_f.xml,Yellowknife,NorthwestTerritories,386
https://weather.gc.ca/rss/city/nu-22_e.xml,https://meteo.gc.ca/rss/city/nu-22_f.xml,Alert,Nunavut,387
https://weather.gc.ca/rss/city/nu-10_e.xml,https://meteo.gc.ca/rss/city/nu-10_f.xml,ArcticBay,Nunavut,388
https://weather.gc.ca/rss/city/nu-20_e.xml,https://meteo.gc.ca/rss/city/nu-20_f.xml,Arviat,Nunavut,389
https://weather.gc.ca/rss/city/nu-14_e.xml,https://meteo.gc.ca/rss/city/nu-14_f.xml,BakerLake,Nunavut,390
https://weather.gc.ca/rss/city/nu-15_e.xml,https://meteo.gc.ca/rss/city/nu-15_f.xml,CambridgeBay,Nunavut,391
https://weather.gc.ca/rss/city/nu-2_e.xml,https://meteo.gc.ca/rss/city/nu-2_f.xml,CapeDorset,Nunavut,392
https://weather.gc.ca/rss/city/nu-17_e.xml,https://meteo.gc.ca/rss/city/nu-17_f.xml,Chesterfield,Nunavut,393
https://weather.gc.ca/rss/city/nu-18_e.xml,https://meteo.gc.ca/rss/city/nu-18_f.xml,ClydeRiver,Nunavut,394
https://weather.gc.ca/rss/city/nu-9_e.xml,https://meteo.gc.ca/rss/city/nu-9_f.xml,CoralHarbour,Nunavut,395
https://weather.gc.ca/rss/city/nu-19_e.xml,https://meteo.gc.ca/rss/city/nu-19_f.xml,Ennadai,Nunavut,396
https://weather.gc.ca/rss/city/nu-11_e.xml,https://meteo.gc.ca/rss/city/nu-11_f.xml,Eureka,Nunavut,397
https://weather.gc.ca/rss/city/nu-24_e.xml,https://meteo.gc.ca/rss/city/nu-24_f.xml,GjoaHaven,Nunavut,398
https://weather.gc.ca/rss/city/nu-12_e.xml,https://meteo.gc.ca/rss/city/nu-12_f.xml,GriseFiord,Nunavut,399
https://weather.gc.ca/rss/city/nu-4_e.xml,https://meteo.gc.ca/rss/city/nu-4_f.xml,HallBeach,Nunavut,400
https://weather.gc.ca/rss/city/nu-23_e.xml,https://meteo.gc.ca/rss/city/nu-23_f.xml,Igloolik,Nunavut,401
https://weather.gc.ca/rss/city/nu-21_e.xml,https://meteo.gc.ca/rss/city/nu-21_f.xml,Iqaluit,Nunavut,402
https://weather.gc.ca/rss/city/nu-26_e.xml,https://meteo.gc.ca/rss/city/nu-26_f.xml,Kimmirut,Nunavut,403
https://weather.gc.ca/rss/city/nu-13_e.xml,https://meteo.gc.ca/rss/city/nu-13_f.xml,Kugaaruk,Nunavut,404
https://weather.gc.ca/rss/city/nu-16_e.xml,https://meteo.gc.ca/rss/city/nu-16_f.xml,Kugluktuk,Nunavut,405
https://weather.gc.ca/rss/city/nu-1_e.xml,https://meteo.gc.ca/rss/city/nu-1_f.xml,Nanisivik,Nunavut,406
https://weather.gc.ca/rss/city/nu-3_e.xml,https://meteo.gc.ca/rss/city/nu-3_f.xml,Naujaat,Nunavut,407
https://weather.gc.ca/rss/city/nu-7_e.xml,https://meteo.gc.ca/rss/city/nu-7_f.xml,Pangnirtung,Nunavut,408
https://weather.gc.ca/rss/city/nu-25_e.xml,https://meteo.gc.ca/rss/city/nu-25_f.xml,PondInlet,Nunavut,409
https://weather.gc.ca/rss/city/nu-5_e.xml,https://meteo.gc.ca/rss/city/nu-5_f.xml,Qikiqtarjuaq,Nunavut,410
https://weather.gc.ca/rss/city/nu-28_e.xml,https://meteo.gc.ca/rss/city/nu-28_f.xml,RankinInlet,Nunavut,411
https://weather.gc.ca/rss/city/nu-27_e.xml,https://meteo.gc.ca/rss/city/nu-27_f.xml,Resolute,Nunavut,412
https://weather.gc.ca/rss/city/nu-29_e.xml,https://meteo.gc.ca/rss/city/nu-29_f.xml,Sanikiluaq,Nunavut,413
https://weather.gc.ca/rss/city/nu-8_e.xml,https://meteo.gc.ca/rss/city/nu-8_f.xml,Taloyoak,Nunavut,414
https://weather.gc.ca/rss/city/nu-6_e.xml,https://meteo.gc.ca/rss/city/nu-6_f.xml,WhaleCove,Nunavut,415
https://weather.gc.ca/rss/city/on-122_e.xml,https://meteo.gc.ca/rss/city/on-122_f.xml,Alexandria,Ontario,416
https://weather.gc.ca/rss/city/on-1_e.xml,https://meteo.gc.ca/rss/city/on-1_f.xml,AlgonquinPark(Brent),Ontario,417
https://weather.gc.ca/rss/city/on-29_e.xml,https://meteo.gc.ca/rss/city/on-29_f.xml,AlgonquinPark(LakeofTwoRivers),Ontario,418
https://weather.gc.ca/rss/city/on-114_e.xml,https://meteo.gc.ca/rss/city/on-114_f.xml,Alliston,Ontario,419
https://weather.gc.ca/rss/city/on-30_e.xml,https://meteo.gc.ca/rss/city/on-30_f.xml,Apsley,Ontario,420
https://weather.gc.ca/rss/city/on-111_e.xml,https://meteo.gc.ca/rss/city/on-111_f.xml,Armstrong,Ontario,421
https://weather.gc.ca/rss/city/on-148_e.xml,https://meteo.gc.ca/rss/city/on-148_f.xml,Atikokan,Ontario,422
https://weather.gc.ca/rss/city/on-164_e.xml,https://meteo.gc.ca/rss/city/on-164_f.xml,Attawapiskat,Ontario,423
https://weather.gc.ca/rss/city/on-102_e.xml,https://meteo.gc.ca/rss/city/on-102_f.xml,Bancroft,Ontario,424
https://weather.gc.ca/rss/city/on-151_e.xml,https://meteo.gc.ca/rss/city/on-151_f.xml,Barrie,Ontario,425
https://weather.gc.ca/rss/city/on-133_e.xml,https://meteo.gc.ca/rss/city/on-133_f.xml,Barry'sBay,Ontario,426
https://weather.gc.ca/rss/city/on-3_e.xml,https://meteo.gc.ca/rss/city/on-3_f.xml,Belleville,Ontario,427
https://weather.gc.ca/rss/city/on-124_e.xml,https://meteo.gc.ca/rss/city/on-124_f.xml,BigTroutLake,Ontario,428
https://weather.gc.ca/rss/city/on-21_e.xml,https://meteo.gc.ca/rss/city/on-21_f.xml,BlindRiver,Ontario,429
https://weather.gc.ca/rss/city/on-9_e.xml,https://meteo.gc.ca/rss/city/on-9_f.xml,Bracebridge,Ontario,430
https://weather.gc.ca/rss/city/on-4_e.xml,https://meteo.gc.ca/rss/city/on-4_f.xml,Brampton,Ontario,431
https://weather.gc.ca/rss/city/on-86_e.xml,https://meteo.gc.ca/rss/city/on-86_f.xml,Brantford,Ontario,432
https://weather.gc.ca/rss/city/on-8_e.xml,https://meteo.gc.ca/rss/city/on-8_f.xml,Brockville,Ontario,433
https://weather.gc.ca/rss/city/on-31_e.xml,https://meteo.gc.ca/rss/city/on-31_f.xml,Burk'sFalls,Ontario,434
https://weather.gc.ca/rss/city/on-95_e.xml,https://meteo.gc.ca/rss/city/on-95_f.xml,Burlington,Ontario,435
https://weather.gc.ca/rss/city/on-32_e.xml,https://meteo.gc.ca/rss/city/on-32_f.xml,Caledon,Ontario,436
https://weather.gc.ca/rss/city/on-81_e.xml,https://meteo.gc.ca/rss/city/on-81_f.xml,Cambridge,Ontario,437
https://weather.gc.ca/rss/city/on-91_e.xml,https://meteo.gc.ca/rss/city/on-91_f.xml,Chapleau,Ontario,438
https://weather.gc.ca/rss/city/on-11_e.xml,https://meteo.gc.ca/rss/city/on-11_f.xml,Chatham-Kent,Ontario,439
https://weather.gc.ca/rss/city/on-75_e.xml,https://meteo.gc.ca/rss/city/on-75_f.xml,Cobourg,Ontario,440
https://weather.gc.ca/rss/city/on-33_e.xml,https://meteo.gc.ca/rss/city/on-33_f.xml,Cochrane,Ontario,441
https://weather.gc.ca/rss/city/on-150_e.xml,https://meteo.gc.ca/rss/city/on-150_f.xml,Collingwood,Ontario,442
https://weather.gc.ca/rss/city/on-152_e.xml,https://meteo.gc.ca/rss/city/on-152_f.xml,Cornwall,Ontario,443
https://weather.gc.ca/rss/city/on-83_e.xml,https://meteo.gc.ca/rss/city/on-83_f.xml,DeepRiver,Ontario,444
https://weather.gc.ca/rss/city/on-34_e.xml,https://meteo.gc.ca/rss/city/on-34_f.xml,Dorion,Ontario,445
https://weather.gc.ca/rss/city/on-72_e.xml,https://meteo.gc.ca/rss/city/on-72_f.xml,Dryden,Ontario,446
https://weather.gc.ca/rss/city/on-35_e.xml,https://meteo.gc.ca/rss/city/on-35_f.xml,Dunchurch,Ontario,447
https://weather.gc.ca/rss/city/on-36_e.xml,https://meteo.gc.ca/rss/city/on-36_f.xml,Dundalk,Ontario,448
https://weather.gc.ca/rss/city/on-167_e.xml,https://meteo.gc.ca/rss/city/on-167_f.xml,EarFalls,Ontario,449
https://weather.gc.ca/rss/city/on-136_e.xml,https://meteo.gc.ca/rss/city/on-136_f.xml,Earlton,Ontario,450
https://weather.gc.ca/rss/city/on-170_e.xml,https://meteo.gc.ca/rss/city/on-170_f.xml,ElliotLake,Ontario,451
https://weather.gc.ca/rss/city/on-173_e.xml,https://meteo.gc.ca/rss/city/on-173_f.xml,FortAlbany,Ontario,452
https://weather.gc.ca/rss/city/on-12_e.xml,https://meteo.gc.ca/rss/city/on-12_f.xml,FortErie,Ontario,453
https://weather.gc.ca/rss/city/on-159_e.xml,https://meteo.gc.ca/rss/city/on-159_f.xml,FortFrances,Ontario,454
https://weather.gc.ca/rss/city/on-171_e.xml,https://meteo.gc.ca/rss/city/on-171_f.xml,FortSevern,Ontario,455
https://weather.gc.ca/rss/city/on-90_e.xml,https://meteo.gc.ca/rss/city/on-90_f.xml,Gananoque,Ontario,456
https://weather.gc.ca/rss/city/on-160_e.xml,https://meteo.gc.ca/rss/city/on-160_f.xml,Goderich,Ontario,457
https://weather.gc.ca/rss/city/on-37_e.xml,https://meteo.gc.ca/rss/city/on-37_f.xml,Gogama,Ontario,458
https://weather.gc.ca/rss/city/on-144_e.xml,https://meteo.gc.ca/rss/city/on-144_f.xml,GoreBay,Ontario,459
https://weather.gc.ca/rss/city/on-38_e.xml,https://meteo.gc.ca/rss/city/on-38_f.xml,Gravenhurst,Ontario,460
https://weather.gc.ca/rss/city/on-39_e.xml,https://meteo.gc.ca/rss/city/on-39_f.xml,GreaterNapanee,Ontario,461
https://weather.gc.ca/rss/city/on-40_e.xml,https://meteo.gc.ca/rss/city/on-40_f.xml,GreaterSudbury,Ontario,462
https://weather.gc.ca/rss/city/on-153_e.xml,https://meteo.gc.ca/rss/city/on-153_f.xml,Greenstone(Beardmore),Ontario,463
https://weather.gc.ca/rss/city/on-70_e.xml,https://meteo.gc.ca/rss/city/on-70_f.xml,Greenstone(Geraldton),Ontario,464
https://weather.gc.ca/rss/city/on-97_e.xml,https://meteo.gc.ca/rss/city/on-97_f.xml,Greenstone(Nakina),Ontario,465
https://weather.gc.ca/rss/city/on-5_e.xml,https://meteo.gc.ca/rss/city/on-5_f.xml,Guelph,Ontario,466
https://weather.gc.ca/rss/city/on-41_e.xml,https://meteo.gc.ca/rss/city/on-41_f.xml,GullBay,Ontario,467
https://weather.gc.ca/rss/city/on-42_e.xml,https://meteo.gc.ca/rss/city/on-42_f.xml,HaldimandCounty,Ontario,468
https://weather.gc.ca/rss/city/on-165_e.xml,https://meteo.gc.ca/rss/city/on-165_f.xml,Haliburton,Ontario,469
https://weather.gc.ca/rss/city/on-68_e.xml,https://meteo.gc.ca/rss/city/on-68_f.xml,HaltonHills,Ontario,470
https://weather.gc.ca/rss/city/on-77_e.xml,https://meteo.gc.ca/rss/city/on-77_f.xml,Hamilton,Ontario,471
https://weather.gc.ca/rss/city/on-71_e.xml,https://meteo.gc.ca/rss/city/on-71_f.xml,Hawkesbury,Ontario,472
https://weather.gc.ca/rss/city/on-73_e.xml,https://meteo.gc.ca/rss/city/on-73_f.xml,Hearst,Ontario,473
https://weather.gc.ca/rss/city/on-78_e.xml,https://meteo.gc.ca/rss/city/on-78_f.xml,Hornepayne,Ontario,474
https://weather.gc.ca/rss/city/on-88_e.xml,https://meteo.gc.ca/rss/city/on-88_f.xml,Huntsville,Ontario,475
https://weather.gc.ca/rss/city/on-156_e.xml,https://meteo.gc.ca/rss/city/on-156_f.xml,Ignace,Ontario,476
https://weather.gc.ca/rss/city/on-145_e.xml,https://meteo.gc.ca/rss/city/on-145_f.xml,KakabekaFalls,Ontario,477
https://weather.gc.ca/rss/city/on-43_e.xml,https://meteo.gc.ca/rss/city/on-43_f.xml,Kaladar,Ontario,478
https://weather.gc.ca/rss/city/on-142_e.xml,https://meteo.gc.ca/rss/city/on-142_f.xml,Kapuskasing,Ontario,479
https://weather.gc.ca/rss/city/on-44_e.xml,https://meteo.gc.ca/rss/city/on-44_f.xml,KawarthaLakes(FenelonFalls),Ontario,480
https://weather.gc.ca/rss/city/on-168_e.xml,https://meteo.gc.ca/rss/city/on-168_f.xml,KawarthaLakes(Lindsay),Ontario,481
https://weather.gc.ca/rss/city/on-74_e.xml,https://meteo.gc.ca/rss/city/on-74_f.xml,Kemptville,Ontario,482
https://weather.gc.ca/rss/city/on-96_e.xml,https://meteo.gc.ca/rss/city/on-96_f.xml,Kenora,Ontario,483
https://weather.gc.ca/rss/city/on-146_e.xml,https://meteo.gc.ca/rss/city/on-146_f.xml,Killarney,Ontario,484
https://weather.gc.ca/rss/city/on-28_e.xml,https://meteo.gc.ca/rss/city/on-28_f.xml,Kincardine,Ontario,485
https://weather.gc.ca/rss/city/on-69_e.xml,https://meteo.gc.ca/rss/city/on-69_f.xml,Kingston,Ontario,486
https://weather.gc.ca/rss/city/on-76_e.xml,https://meteo.gc.ca/rss/city/on-76_f.xml,KirklandLake,Ontario,487
https://weather.gc.ca/rss/city/on-82_e.xml,https://meteo.gc.ca/rss/city/on-82_f.xml,Kitchener-Waterloo,Ontario,488
https://weather.gc.ca/rss/city/on-45_e.xml,https://meteo.gc.ca/rss/city/on-45_f.xml,LakeSuperior(ProvincialPark),Ontario,489
https://weather.gc.ca/rss/city/on-46_e.xml,https://meteo.gc.ca/rss/city/on-46_f.xml,LambtonShores,Ontario,490
https://weather.gc.ca/rss/city/on-87_e.xml,https://meteo.gc.ca/rss/city/on-87_f.xml,LansdowneHouse,Ontario,491
https://weather.gc.ca/rss/city/on-23_e.xml,https://meteo.gc.ca/rss/city/on-23_f.xml,Leamington,Ontario,492
https://weather.gc.ca/rss/city/on-47_e.xml,https://meteo.gc.ca/rss/city/on-47_f.xml,Lincoln,Ontario,493
https://weather.gc.ca/rss/city/on-137_e.xml,https://meteo.gc.ca/rss/city/on-137_f.xml,London,Ontario,494
https://weather.gc.ca/rss/city/on-108_e.xml,https://meteo.gc.ca/rss/city/on-108_f.xml,Marathon,Ontario,495
https://weather.gc.ca/rss/city/on-85_e.xml,https://meteo.gc.ca/rss/city/on-85_f.xml,Markham,Ontario,496
https://weather.gc.ca/rss/city/on-169_e.xml,https://meteo.gc.ca/rss/city/on-169_f.xml,Midland,Ontario,497
https://weather.gc.ca/rss/city/on-48_e.xml,https://meteo.gc.ca/rss/city/on-48_f.xml,MineCentre,Ontario,498
https://weather.gc.ca/rss/city/on-24_e.xml,https://meteo.gc.ca/rss/city/on-24_f.xml,Mississauga,Ontario,499
https://weather.gc.ca/rss/city/on-163_e.xml,https://meteo.gc.ca/rss/city/on-163_f.xml,MontrealRiverHarbour,Ontario,500
https://weather.gc.ca/rss/city/on-113_e.xml,https://meteo.gc.ca/rss/city/on-113_f.xml,Moosonee,Ontario,501
https://weather.gc.ca/rss/city/on-92_e.xml,https://meteo.gc.ca/rss/city/on-92_f.xml,Morrisburg,Ontario,502
https://weather.gc.ca/rss/city/on-89_e.xml,https://meteo.gc.ca/rss/city/on-89_f.xml,MountForest,Ontario,503
https://weather.gc.ca/rss/city/on-93_e.xml,https://meteo.gc.ca/rss/city/on-93_f.xml,Muskoka,Ontario,504
https://weather.gc.ca/rss/city/on-49_e.xml,https://meteo.gc.ca/rss/city/on-49_f.xml,NewTecumseth,Ontario,505
https://weather.gc.ca/rss/city/on-25_e.xml,https://meteo.gc.ca/rss/city/on-25_f.xml,Newmarket,Ontario,506
https://weather.gc.ca/rss/city/on-125_e.xml,https://meteo.gc.ca/rss/city/on-125_f.xml,NiagaraFalls,Ontario,507
https://weather.gc.ca/rss/city/on-26_e.xml,https://meteo.gc.ca/rss/city/on-26_f.xml,Nipigon,Ontario,508
https://weather.gc.ca/rss/city/on-50_e.xml,https://meteo.gc.ca/rss/city/on-50_f.xml,Norfolk,Ontario,509
https://weather.gc.ca/rss/city/on-139_e.xml,https://meteo.gc.ca/rss/city/on-139_f.xml,NorthBay,Ontario,510
https://weather.gc.ca/rss/city/on-51_e.xml,https://meteo.gc.ca/rss/city/on-51_f.xml,NorthPerth,Ontario,511
https://weather.gc.ca/rss/city/on-79_e.xml,https://meteo.gc.ca/rss/city/on-79_f.xml,Oakville,Ontario,512
https://weather.gc.ca/rss/city/on-101_e.xml,https://meteo.gc.ca/rss/city/on-101_f.xml,Ogoki,Ontario,513
https://weather.gc.ca/rss/city/on-140_e.xml,https://meteo.gc.ca/rss/city/on-140_f.xml,Orangeville,Ontario,514
https://weather.gc.ca/rss/city/on-13_e.xml,https://meteo.gc.ca/rss/city/on-13_f.xml,Orillia,Ontario,515
https://weather.gc.ca/rss/city/on-117_e.xml,https://meteo.gc.ca/rss/city/on-117_f.xml,Oshawa,Ontario,516
https://weather.gc.ca/rss/city/on-118_e.xml,https://meteo.gc.ca/rss/city/on-118_f.xml,Ottawa(Kanata-Orl̩ans),Ontario,517
https://weather.gc.ca/rss/city/on-52_e.xml,https://meteo.gc.ca/rss/city/on-52_f.xml,Ottawa(Richmond-Metcalfe),Ontario,518
https://weather.gc.ca/rss/city/on-7_e.xml,https://meteo.gc.ca/rss/city/on-7_f.xml,OwenSound,Ontario,519
https://weather.gc.ca/rss/city/on-53_e.xml,https://meteo.gc.ca/rss/city/on-53_f.xml,OxtongueLake,Ontario,520
https://weather.gc.ca/rss/city/on-103_e.xml,https://meteo.gc.ca/rss/city/on-103_f.xml,ParrySound,Ontario,521
https://weather.gc.ca/rss/city/on-99_e.xml,https://meteo.gc.ca/rss/city/on-99_f.xml,Peawanuck,Ontario,522
https://weather.gc.ca/rss/city/on-131_e.xml,https://meteo.gc.ca/rss/city/on-131_f.xml,Pembroke,Ontario,523
https://weather.gc.ca/rss/city/on-112_e.xml,https://meteo.gc.ca/rss/city/on-112_f.xml,Petawawa,Ontario,524
https://weather.gc.ca/rss/city/on-121_e.xml,https://meteo.gc.ca/rss/city/on-121_f.xml,Peterborough,Ontario,525
https://weather.gc.ca/rss/city/on-54_e.xml,https://meteo.gc.ca/rss/city/on-54_f.xml,Pickering,Ontario,526
https://weather.gc.ca/rss/city/on-120_e.xml,https://meteo.gc.ca/rss/city/on-120_f.xml,PickleLake,Ontario,527
https://weather.gc.ca/rss/city/on-55_e.xml,https://meteo.gc.ca/rss/city/on-55_f.xml,Pikangikum,Ontario,528
https://weather.gc.ca/rss/city/on-56_e.xml,https://meteo.gc.ca/rss/city/on-56_f.xml,PortCarling,Ontario,529
https://weather.gc.ca/rss/city/on-80_e.xml,https://meteo.gc.ca/rss/city/on-80_f.xml,PortColborne,Ontario,530
https://weather.gc.ca/rss/city/on-19_e.xml,https://meteo.gc.ca/rss/city/on-19_f.xml,PortElgin,Ontario,531
https://weather.gc.ca/rss/city/on-149_e.xml,https://meteo.gc.ca/rss/city/on-149_f.xml,PortPerry,Ontario,532
https://weather.gc.ca/rss/city/on-27_e.xml,https://meteo.gc.ca/rss/city/on-27_f.xml,PrinceEdward(Picton),Ontario,533
https://weather.gc.ca/rss/city/on-57_e.xml,https://meteo.gc.ca/rss/city/on-57_f.xml,QuinteWest,Ontario,534
https://weather.gc.ca/rss/city/on-104_e.xml,https://meteo.gc.ca/rss/city/on-104_f.xml,RedLake,Ontario,535
https://weather.gc.ca/rss/city/on-58_e.xml,https://meteo.gc.ca/rss/city/on-58_f.xml,Renfrew,Ontario,536
https://weather.gc.ca/rss/city/on-59_e.xml,https://meteo.gc.ca/rss/city/on-59_f.xml,RichmondHill,Ontario,537
https://weather.gc.ca/rss/city/on-172_e.xml,https://meteo.gc.ca/rss/city/on-172_f.xml,Rodney,Ontario,538
https://weather.gc.ca/rss/city/on-141_e.xml,https://meteo.gc.ca/rss/city/on-141_f.xml,Rondeau(ProvincialPark),Ontario,539
https://weather.gc.ca/rss/city/on-105_e.xml,https://meteo.gc.ca/rss/city/on-105_f.xml,SachigoLake,Ontario,540
https://weather.gc.ca/rss/city/on-129_e.xml,https://meteo.gc.ca/rss/city/on-129_f.xml,SandyLake,Ontario,541
https://weather.gc.ca/rss/city/on-147_e.xml,https://meteo.gc.ca/rss/city/on-147_f.xml,Sarnia,Ontario,542
https://weather.gc.ca/rss/city/on-60_e.xml,https://meteo.gc.ca/rss/city/on-60_f.xml,SaugeenShores,Ontario,543
https://weather.gc.ca/rss/city/on-162_e.xml,https://meteo.gc.ca/rss/city/on-162_f.xml,SaultSte.Marie,Ontario,544
https://weather.gc.ca/rss/city/on-134_e.xml,https://meteo.gc.ca/rss/city/on-134_f.xml,SavantLake,Ontario,545
https://weather.gc.ca/rss/city/on-61_e.xml,https://meteo.gc.ca/rss/city/on-61_f.xml,SharbotLake,Ontario,546
https://weather.gc.ca/rss/city/on-84_e.xml,https://meteo.gc.ca/rss/city/on-84_f.xml,Shelburne,Ontario,547
https://weather.gc.ca/rss/city/on-161_e.xml,https://meteo.gc.ca/rss/city/on-161_f.xml,Simcoe,Ontario,548
https://weather.gc.ca/rss/city/on-135_e.xml,https://meteo.gc.ca/rss/city/on-135_f.xml,SiouxLookout,Ontario,549
https://weather.gc.ca/rss/city/on-166_e.xml,https://meteo.gc.ca/rss/city/on-166_f.xml,SiouxNarrows,Ontario,550
https://weather.gc.ca/rss/city/on-106_e.xml,https://meteo.gc.ca/rss/city/on-106_f.xml,SmithsFalls,Ontario,551
https://weather.gc.ca/rss/city/on-62_e.xml,https://meteo.gc.ca/rss/city/on-62_f.xml,SouthBrucePeninsula,Ontario,552
https://weather.gc.ca/rss/city/on-107_e.xml,https://meteo.gc.ca/rss/city/on-107_f.xml,St.Catharines,Ontario,553
https://weather.gc.ca/rss/city/on-98_e.xml,https://meteo.gc.ca/rss/city/on-98_f.xml,St.Thomas,Ontario,554
https://weather.gc.ca/rss/city/on-115_e.xml,https://meteo.gc.ca/rss/city/on-115_f.xml,Stirling,Ontario,555
https://weather.gc.ca/rss/city/on-116_e.xml,https://meteo.gc.ca/rss/city/on-116_f.xml,Stratford,Ontario,556
https://weather.gc.ca/rss/city/on-18_e.xml,https://meteo.gc.ca/rss/city/on-18_f.xml,Strathroy,Ontario,557
https://weather.gc.ca/rss/city/on-174_e.xml,https://meteo.gc.ca/rss/city/on-174_f.xml,Sudbury(Greater),Ontario,558
https://weather.gc.ca/rss/city/on-63_e.xml,https://meteo.gc.ca/rss/city/on-63_f.xml,Sydenham,Ontario,559
https://weather.gc.ca/rss/city/on-22_e.xml,https://meteo.gc.ca/rss/city/on-22_f.xml,TemiskamingShores,Ontario,560
https://weather.gc.ca/rss/city/on-123_e.xml,https://meteo.gc.ca/rss/city/on-123_f.xml,TerraceBay,Ontario,561
https://weather.gc.ca/rss/city/on-100_e.xml,https://meteo.gc.ca/rss/city/on-100_f.xml,ThunderBay,Ontario,562
https://weather.gc.ca/rss/city/on-17_e.xml,https://meteo.gc.ca/rss/city/on-17_f.xml,Tillsonburg,Ontario,563
https://weather.gc.ca/rss/city/on-127_e.xml,https://meteo.gc.ca/rss/city/on-127_f.xml,Timmins,Ontario,564
https://weather.gc.ca/rss/city/on-157_e.xml,https://meteo.gc.ca/rss/city/on-157_f.xml,Tobermory,Ontario,565
https://weather.gc.ca/rss/city/on-143_e.xml,https://meteo.gc.ca/rss/city/on-143_f.xml,Toronto,Ontario,566
https://weather.gc.ca/rss/city/on-128_e.xml,https://meteo.gc.ca/rss/city/on-128_f.xml,TorontoIsland,Ontario,567
https://weather.gc.ca/rss/city/on-126_e.xml,https://meteo.gc.ca/rss/city/on-126_f.xml,Trenton,Ontario,568
https://weather.gc.ca/rss/city/on-154_e.xml,https://meteo.gc.ca/rss/city/on-154_f.xml,Upsala,Ontario,569
https://weather.gc.ca/rss/city/on-64_e.xml,https://meteo.gc.ca/rss/city/on-64_f.xml,Vaughan,Ontario,570
https://weather.gc.ca/rss/city/on-109_e.xml,https://meteo.gc.ca/rss/city/on-109_f.xml,Vineland,Ontario,571
https://weather.gc.ca/rss/city/on-16_e.xml,https://meteo.gc.ca/rss/city/on-16_f.xml,Walkerton,Ontario,572
https://weather.gc.ca/rss/city/on-138_e.xml,https://meteo.gc.ca/rss/city/on-138_f.xml,Wawa,Ontario,573
https://weather.gc.ca/rss/city/on-132_e.xml,https://meteo.gc.ca/rss/city/on-132_f.xml,Webequie,Ontario,574
https://weather.gc.ca/rss/city/on-14_e.xml,https://meteo.gc.ca/rss/city/on-14_f.xml,Welland,Ontario,575
https://weather.gc.ca/rss/city/on-65_e.xml,https://meteo.gc.ca/rss/city/on-65_f.xml,WestNipissing,Ontario,576
https://weather.gc.ca/rss/city/on-66_e.xml,https://meteo.gc.ca/rss/city/on-66_f.xml,Westport,Ontario,577
https://weather.gc.ca/rss/city/on-119_e.xml,https://meteo.gc.ca/rss/city/on-119_f.xml,Whitby,Ontario,578
https://weather.gc.ca/rss/city/on-67_e.xml,https://meteo.gc.ca/rss/city/on-67_f.xml,WhiteRiver,Ontario,579
https://weather.gc.ca/rss/city/on-130_e.xml,https://meteo.gc.ca/rss/city/on-130_f.xml,Wiarton,Ontario,580
https://weather.gc.ca/rss/city/on-155_e.xml,https://meteo.gc.ca/rss/city/on-155_f.xml,Winchester,Ontario,581
https://weather.gc.ca/rss/city/on-94_e.xml,https://meteo.gc.ca/rss/city/on-94_f.xml,Windsor,Ontario,582
https://weather.gc.ca/rss/city/on-110_e.xml,https://meteo.gc.ca/rss/city/on-110_f.xml,Wingham,Ontario,583
https://weather.gc.ca/rss/city/on-15_e.xml,https://meteo.gc.ca/rss/city/on-15_f.xml,Woodstock,Ontario,584
https://weather.gc.ca/rss/city/on-158_e.xml,https://meteo.gc.ca/rss/city/on-158_f.xml,WunnumminLake,Ontario,585
https://weather.gc.ca/rss/city/pe-5_e.xml,https://meteo.gc.ca/rss/city/pe-5_f.xml,Charlottetown,PrinceEdwardIsland,586
https://weather.gc.ca/rss/city/pe-6_e.xml,https://meteo.gc.ca/rss/city/pe-6_f.xml,EastPoint,PrinceEdwardIsland,587
https://weather.gc.ca/rss/city/pe-2_e.xml,https://meteo.gc.ca/rss/city/pe-2_f.xml,MaplePlains,PrinceEdwardIsland,588
https://weather.gc.ca/rss/city/pe-1_e.xml,https://meteo.gc.ca/rss/city/pe-1_f.xml,NorthCape,PrinceEdwardIsland,589
https://weather.gc.ca/rss/city/pe-4_e.xml,https://meteo.gc.ca/rss/city/pe-4_f.xml,St.PetersBay,PrinceEdwardIsland,590
https://weather.gc.ca/rss/city/pe-3_e.xml,https://meteo.gc.ca/rss/city/pe-3_f.xml,Summerside,PrinceEdwardIsland,591
https://weather.gc.ca/rss/city/qc-36_e.xml,https://meteo.gc.ca/rss/city/qc-36_f.xml,Akulivik,Quebec,592
https://weather.gc.ca/rss/city/qc-144_e.xml,https://meteo.gc.ca/rss/city/qc-144_f.xml,Alma,Quebec,593
https://weather.gc.ca/rss/city/qc-168_e.xml,https://meteo.gc.ca/rss/city/qc-168_f.xml,Amos,Quebec,594
https://weather.gc.ca/rss/city/qc-146_e.xml,https://meteo.gc.ca/rss/city/qc-146_f.xml,Amqui,Quebec,595
https://weather.gc.ca/rss/city/qc-38_e.xml,https://meteo.gc.ca/rss/city/qc-38_f.xml,Asbestos,Quebec,596
https://weather.gc.ca/rss/city/qc-117_e.xml,https://meteo.gc.ca/rss/city/qc-117_f.xml,Aupaluk,Quebec,597
https://weather.gc.ca/rss/city/qc-161_e.xml,https://meteo.gc.ca/rss/city/qc-161_f.xml,Bagotville,Quebec,598
https://weather.gc.ca/rss/city/qc-160_e.xml,https://meteo.gc.ca/rss/city/qc-160_f.xml,Baie-Comeau,Quebec,599
https://weather.gc.ca/rss/city/qc-69_e.xml,https://meteo.gc.ca/rss/city/qc-69_f.xml,Baie-James,Quebec,600
https://weather.gc.ca/rss/city/qc-165_e.xml,https://meteo.gc.ca/rss/city/qc-165_f.xml,Baie-Saint-Paul,Quebec,601
https://weather.gc.ca/rss/city/qc-48_e.xml,https://meteo.gc.ca/rss/city/qc-48_f.xml,Beauceville,Quebec,602
https://weather.gc.ca/rss/city/qc-49_e.xml,https://meteo.gc.ca/rss/city/qc-49_f.xml,Beauharnois,Quebec,603
https://weather.gc.ca/rss/city/qc-50_e.xml,https://meteo.gc.ca/rss/city/qc-50_f.xml,B̩cancour,Quebec,604
https://weather.gc.ca/rss/city/qc-51_e.xml,https://meteo.gc.ca/rss/city/qc-51_f.xml,Berni̬res,Quebec,605
https://weather.gc.ca/rss/city/qc-25_e.xml,https://meteo.gc.ca/rss/city/qc-25_f.xml,Berthierville,Quebec,606
https://weather.gc.ca/rss/city/qc-52_e.xml,https://meteo.gc.ca/rss/city/qc-52_f.xml,Blainville,Quebec,607
https://weather.gc.ca/rss/city/qc-163_e.xml,https://meteo.gc.ca/rss/city/qc-163_f.xml,Blanc-Sablon,Quebec,608
https://weather.gc.ca/rss/city/qc-53_e.xml,https://meteo.gc.ca/rss/city/qc-53_f.xml,Boisbriand,Quebec,609
https://weather.gc.ca/rss/city/qc-54_e.xml,https://meteo.gc.ca/rss/city/qc-54_f.xml,Bonaventure,Quebec,610
https://weather.gc.ca/rss/city/qc-55_e.xml,https://meteo.gc.ca/rss/city/qc-55_f.xml,Candiac,Quebec,611
https://weather.gc.ca/rss/city/qc-120_e.xml,https://meteo.gc.ca/rss/city/qc-120_f.xml,CapChat,Quebec,612
https://weather.gc.ca/rss/city/qc-56_e.xml,https://meteo.gc.ca/rss/city/qc-56_f.xml,Carignan,Quebec,613
https://weather.gc.ca/rss/city/qc-57_e.xml,https://meteo.gc.ca/rss/city/qc-57_f.xml,Carleton-sur-Mer,Quebec,614
https://weather.gc.ca/rss/city/qc-58_e.xml,https://meteo.gc.ca/rss/city/qc-58_f.xml,Chambly,Quebec,615
https://weather.gc.ca/rss/city/qc-d4_e.xml,https://meteo.gc.ca/rss/city/qc-d4_f.xml,Chandler,Quebec,616
https://weather.gc.ca/rss/city/qc-119_e.xml,https://meteo.gc.ca/rss/city/qc-119_f.xml,Charlevoix,Quebec,617
https://weather.gc.ca/rss/city/qc-59_e.xml,https://meteo.gc.ca/rss/city/qc-59_f.xml,Chelsea,Quebec,618
https://weather.gc.ca/rss/city/qc-152_e.xml,https://meteo.gc.ca/rss/city/qc-152_f.xml,Chevery,Quebec,619
https://weather.gc.ca/rss/city/qc-121_e.xml,https://meteo.gc.ca/rss/city/qc-121_f.xml,Chibougamau,Quebec,620
https://weather.gc.ca/rss/city/qc-60_e.xml,https://meteo.gc.ca/rss/city/qc-60_f.xml,Coaticook,Quebec,621
https://weather.gc.ca/rss/city/qc-46_e.xml,https://meteo.gc.ca/rss/city/qc-46_f.xml,Contrecoeur,Quebec,622
https://weather.gc.ca/rss/city/qc-61_e.xml,https://meteo.gc.ca/rss/city/qc-61_f.xml,Cowansville,Quebec,623
https://weather.gc.ca/rss/city/qc-62_e.xml,https://meteo.gc.ca/rss/city/qc-62_f.xml,Delson,Quebec,624
https://weather.gc.ca/rss/city/qc-63_e.xml,https://meteo.gc.ca/rss/city/qc-63_f.xml,Deux-Montagnes,Quebec,625
https://weather.gc.ca/rss/city/qc-64_e.xml,https://meteo.gc.ca/rss/city/qc-64_f.xml,Dolbeau-Mistassini,Quebec,626
https://weather.gc.ca/rss/city/qc-65_e.xml,https://meteo.gc.ca/rss/city/qc-65_f.xml,Donnacona,Quebec,627
https://weather.gc.ca/rss/city/qc-2_e.xml,https://meteo.gc.ca/rss/city/qc-2_f.xml,Drummondville,Quebec,628
https://weather.gc.ca/rss/city/qc-26_e.xml,https://meteo.gc.ca/rss/city/qc-26_f.xml,Escoumins,Quebec,629
https://weather.gc.ca/rss/city/qc-140_e.xml,https://meteo.gc.ca/rss/city/qc-140_f.xml,Farnham,Quebec,630
https://weather.gc.ca/rss/city/qc-29_e.xml,https://meteo.gc.ca/rss/city/qc-29_f.xml,Fermont,Quebec,631
https://weather.gc.ca/rss/city/qc-27_e.xml,https://meteo.gc.ca/rss/city/qc-27_f.xml,Forestville,Quebec,632
https://weather.gc.ca/rss/city/qc-67_e.xml,https://meteo.gc.ca/rss/city/qc-67_f.xml,Forillon,Quebec,633
https://weather.gc.ca/rss/city/qc-95_e.xml,https://meteo.gc.ca/rss/city/qc-95_f.xml,Forillon(NationalPark),Quebec,634
https://weather.gc.ca/rss/city/qc-101_e.xml,https://meteo.gc.ca/rss/city/qc-101_f.xml,Gasp̩,Quebec,635
https://weather.gc.ca/rss/city/qc-94_e.xml,https://meteo.gc.ca/rss/city/qc-94_f.xml,Gasp̩sie(Parcnational),Quebec,636
https://weather.gc.ca/rss/city/qc-126_e.xml,https://meteo.gc.ca/rss/city/qc-126_f.xml,Gatineau,Quebec,637
https://weather.gc.ca/rss/city/qc-a1_e.xml,https://meteo.gc.ca/rss/city/qc-a1_f.xml,Gouin(R̩servoir),Quebec,638
https://weather.gc.ca/rss/city/qc-5_e.xml,https://meteo.gc.ca/rss/city/qc-5_f.xml,Granby,Quebec,639
https://weather.gc.ca/rss/city/qc-169_e.xml,https://meteo.gc.ca/rss/city/qc-169_f.xml,Grande-Vall̩e,Quebec,640
https://weather.gc.ca/rss/city/qc-104_e.xml,https://meteo.gc.ca/rss/city/qc-104_f.xml,HavreSt-Pierre,Quebec,641
https://weather.gc.ca/rss/city/qc-68_e.xml,https://meteo.gc.ca/rss/city/qc-68_f.xml,Huntingdon,Quebec,642
https://weather.gc.ca/rss/city/qc-103_e.xml,https://meteo.gc.ca/rss/city/qc-103_f.xml,�_les-de-la-Madeleine,Quebec,643
https://weather.gc.ca/rss/city/qc-131_e.xml,https://meteo.gc.ca/rss/city/qc-131_f.xml,Inukjuak,Quebec,644
https://weather.gc.ca/rss/city/qc-112_e.xml,https://meteo.gc.ca/rss/city/qc-112_f.xml,Ivujivik,Quebec,645
https://weather.gc.ca/rss/city/qc-137_e.xml,https://meteo.gc.ca/rss/city/qc-137_f.xml,Joliette,Quebec,646
https://weather.gc.ca/rss/city/qc-70_e.xml,https://meteo.gc.ca/rss/city/qc-70_f.xml,Kamouraska,Quebec,647
https://weather.gc.ca/rss/city/qc-118_e.xml,https://meteo.gc.ca/rss/city/qc-118_f.xml,Kangiqsualujjuaq,Quebec,648
https://weather.gc.ca/rss/city/qc-155_e.xml,https://meteo.gc.ca/rss/city/qc-155_f.xml,Kangiqsujuaq,Quebec,649
https://weather.gc.ca/rss/city/qc-159_e.xml,https://meteo.gc.ca/rss/city/qc-159_f.xml,Kangirsuk,Quebec,650
https://weather.gc.ca/rss/city/qc-150_e.xml,https://meteo.gc.ca/rss/city/qc-150_f.xml,Kuujjuaq,Quebec,651
https://weather.gc.ca/rss/city/qc-105_e.xml,https://meteo.gc.ca/rss/city/qc-105_f.xml,Kuujjuarapik,Quebec,652
https://weather.gc.ca/rss/city/qc-156_e.xml,https://meteo.gc.ca/rss/city/qc-156_f.xml,L'Assomption,Quebec,653
https://weather.gc.ca/rss/city/qc-77_e.xml,https://meteo.gc.ca/rss/city/qc-77_f.xml,L'Islet,Quebec,654
https://weather.gc.ca/rss/city/qc-158_e.xml,https://meteo.gc.ca/rss/city/qc-158_f.xml,LaGrandeRivi̬re,Quebec,655
https://weather.gc.ca/rss/city/qc-100_e.xml,https://meteo.gc.ca/rss/city/qc-100_f.xml,LaGrande-Quatre,Quebec,656
https://weather.gc.ca/rss/city/qc-11_e.xml,https://meteo.gc.ca/rss/city/qc-11_f.xml,LaMalbaie,Quebec,657
https://weather.gc.ca/rss/city/qc-71_e.xml,https://meteo.gc.ca/rss/city/qc-71_f.xml,LaPrairie,Quebec,658
https://weather.gc.ca/rss/city/qc-45_e.xml,https://meteo.gc.ca/rss/city/qc-45_f.xml,LaSarre,Quebec,659
https://weather.gc.ca/rss/city/qc-154_e.xml,https://meteo.gc.ca/rss/city/qc-154_f.xml,LaTuque,Quebec,660
https://weather.gc.ca/rss/city/qc-30_e.xml,https://meteo.gc.ca/rss/city/qc-30_f.xml,LaV̩rendrye(R̩servefaunique),Quebec,661
https://weather.gc.ca/rss/city/qc-99_e.xml,https://meteo.gc.ca/rss/city/qc-99_f.xml,LacRaglan,Quebec,662
https://weather.gc.ca/rss/city/qc-72_e.xml,https://meteo.gc.ca/rss/city/qc-72_f.xml,Lac-M̩gantic,Quebec,663
https://weather.gc.ca/rss/city/qc-73_e.xml,https://meteo.gc.ca/rss/city/qc-73_f.xml,Lac-Saint-Jean,Quebec,664
https://weather.gc.ca/rss/city/qc-14_e.xml,https://meteo.gc.ca/rss/city/qc-14_f.xml,Lachute,Quebec,665
https://weather.gc.ca/rss/city/qc-74_e.xml,https://meteo.gc.ca/rss/city/qc-74_f.xml,Lanaudi̬re,Quebec,666
https://weather.gc.ca/rss/city/qc-113_e.xml,https://meteo.gc.ca/rss/city/qc-113_f.xml,Laurentides(R̩servefaunique),Quebec,667
https://weather.gc.ca/rss/city/qc-76_e.xml,https://meteo.gc.ca/rss/city/qc-76_f.xml,Laval,Quebec,668
https://weather.gc.ca/rss/city/qc-d3_e.xml,https://meteo.gc.ca/rss/city/qc-d3_f.xml,LeGardeur,Quebec,669
https://weather.gc.ca/rss/city/qc-78_e.xml,https://meteo.gc.ca/rss/city/qc-78_f.xml,L̩vis,Quebec,670
https://weather.gc.ca/rss/city/qc-109_e.xml,https://meteo.gc.ca/rss/city/qc-109_f.xml,Longueuil,Quebec,671
https://weather.gc.ca/rss/city/qc-81_e.xml,https://meteo.gc.ca/rss/city/qc-81_f.xml,Lorraine,Quebec,672
https://weather.gc.ca/rss/city/qc-d2_e.xml,https://meteo.gc.ca/rss/city/qc-d2_f.xml,Louiseville,Quebec,673
https://weather.gc.ca/rss/city/qc-83_e.xml,https://meteo.gc.ca/rss/city/qc-83_f.xml,Magog,Quebec,674
https://weather.gc.ca/rss/city/qc-153_e.xml,https://meteo.gc.ca/rss/city/qc-153_f.xml,Manicouagan,Quebec,675
https://weather.gc.ca/rss/city/qc-102_e.xml,https://meteo.gc.ca/rss/city/qc-102_f.xml,Maniwaki,Quebec,676
https://weather.gc.ca/rss/city/qc-84_e.xml,https://meteo.gc.ca/rss/city/qc-84_f.xml,Marieville,Quebec,677
https://weather.gc.ca/rss/city/qc-85_e.xml,https://meteo.gc.ca/rss/city/qc-85_f.xml,Mascouche,Quebec,678
https://weather.gc.ca/rss/city/qc-129_e.xml,https://meteo.gc.ca/rss/city/qc-129_f.xml,Matagami,Quebec,679
https://weather.gc.ca/rss/city/qc-15_e.xml,https://meteo.gc.ca/rss/city/qc-15_f.xml,Matane,Quebec,680
https://weather.gc.ca/rss/city/qc-151_e.xml,https://meteo.gc.ca/rss/city/qc-151_f.xml,Matapedia,Quebec,681
https://weather.gc.ca/rss/city/qc-89_e.xml,https://meteo.gc.ca/rss/city/qc-89_f.xml,Mauricie,Quebec,682
https://weather.gc.ca/rss/city/qc-90_e.xml,https://meteo.gc.ca/rss/city/qc-90_f.xml,Mingan,Quebec,683
https://weather.gc.ca/rss/city/qc-123_e.xml,https://meteo.gc.ca/rss/city/qc-123_f.xml,Mirabel,Quebec,684
https://weather.gc.ca/rss/city/qc-92_e.xml,https://meteo.gc.ca/rss/city/qc-92_f.xml,MontSaint-Hilaire,Quebec,685
https://weather.gc.ca/rss/city/qc-127_e.xml,https://meteo.gc.ca/rss/city/qc-127_f.xml,Mont-Joli,Quebec,686
https://weather.gc.ca/rss/city/qc-47_e.xml,https://meteo.gc.ca/rss/city/qc-47_f.xml,Mont-Laurier,Quebec,687
https://weather.gc.ca/rss/city/qc-167_e.xml,https://meteo.gc.ca/rss/city/qc-167_f.xml,Mont-Tremblant,Quebec,688
https://weather.gc.ca/rss/city/qc-124_e.xml,https://meteo.gc.ca/rss/city/qc-124_f.xml,Montmagny,Quebec,689
https://weather.gc.ca/rss/city/qc-147_e.xml,https://meteo.gc.ca/rss/city/qc-147_f.xml,Montr̩al,Quebec,690
https://weather.gc.ca/rss/city/qc-16_e.xml,https://meteo.gc.ca/rss/city/qc-16_f.xml,Murdochville,Quebec,691
https://weather.gc.ca/rss/city/qc-125_e.xml,https://meteo.gc.ca/rss/city/qc-125_f.xml,Natashquan,Quebec,692
https://weather.gc.ca/rss/city/qc-111_e.xml,https://meteo.gc.ca/rss/city/qc-111_f.xml,NewCarlisle,Quebec,693
https://weather.gc.ca/rss/city/qc-110_e.xml,https://meteo.gc.ca/rss/city/qc-110_f.xml,Nicolet,Quebec,694
https://weather.gc.ca/rss/city/qc-93_e.xml,https://meteo.gc.ca/rss/city/qc-93_f.xml,OtterburnPark,Quebec,695
https://weather.gc.ca/rss/city/qc-17_e.xml,https://meteo.gc.ca/rss/city/qc-17_f.xml,Papineau,Quebec,696
https://weather.gc.ca/rss/city/qc-114_e.xml,https://meteo.gc.ca/rss/city/qc-114_f.xml,Parent,Quebec,697
https://weather.gc.ca/rss/city/qc-18_e.xml,https://meteo.gc.ca/rss/city/qc-18_f.xml,Perc̩,Quebec,698
https://weather.gc.ca/rss/city/qc-96_e.xml,https://meteo.gc.ca/rss/city/qc-96_f.xml,Pincourt,Quebec,699
https://weather.gc.ca/rss/city/qc-20_e.xml,https://meteo.gc.ca/rss/city/qc-20_f.xml,Pointe-��-la-Croix,Quebec,700
https://weather.gc.ca/rss/city/qc-19_e.xml,https://meteo.gc.ca/rss/city/qc-19_f.xml,Pontiac,Quebec,701
https://weather.gc.ca/rss/city/qc-97_e.xml,https://meteo.gc.ca/rss/city/qc-97_f.xml,Port-Cartier,Quebec,702
https://weather.gc.ca/rss/city/qc-142_e.xml,https://meteo.gc.ca/rss/city/qc-142_f.xml,Port-Menier,Quebec,703
https://weather.gc.ca/rss/city/qc-98_e.xml,https://meteo.gc.ca/rss/city/qc-98_f.xml,Pr̩vost,Quebec,704
https://weather.gc.ca/rss/city/qc-40_e.xml,https://meteo.gc.ca/rss/city/qc-40_f.xml,Puvirnituq,Quebec,705
https://weather.gc.ca/rss/city/qc-106_e.xml,https://meteo.gc.ca/rss/city/qc-106_f.xml,Quaqtaq,Quebec,706
https://weather.gc.ca/rss/city/qc-133_e.xml,https://meteo.gc.ca/rss/city/qc-133_f.xml,Qu̩bec,Quebec,707
https://weather.gc.ca/rss/city/qc-a0_e.xml,https://meteo.gc.ca/rss/city/qc-a0_f.xml,Repentigny,Quebec,708
https://weather.gc.ca/rss/city/qc-21_e.xml,https://meteo.gc.ca/rss/city/qc-21_f.xml,Richelieu,Quebec,709
https://weather.gc.ca/rss/city/qc-a2_e.xml,https://meteo.gc.ca/rss/city/qc-a2_f.xml,Rigaud,Quebec,710
https://weather.gc.ca/rss/city/qc-138_e.xml,https://meteo.gc.ca/rss/city/qc-138_f.xml,Rimouski,Quebec,711
https://weather.gc.ca/rss/city/qc-108_e.xml,https://meteo.gc.ca/rss/city/qc-108_f.xml,Rivi̬re-du-Loup,Quebec,712
https://weather.gc.ca/rss/city/qc-134_e.xml,https://meteo.gc.ca/rss/city/qc-134_f.xml,Roberval,Quebec,713
https://weather.gc.ca/rss/city/qc-a3_e.xml,https://meteo.gc.ca/rss/city/qc-a3_f.xml,Rosem̬re,Quebec,714
https://weather.gc.ca/rss/city/qc-148_e.xml,https://meteo.gc.ca/rss/city/qc-148_f.xml,Rouyn-Noranda,Quebec,715
https://weather.gc.ca/rss/city/qc-166_e.xml,https://meteo.gc.ca/rss/city/qc-166_f.xml,Saguenay,Quebec,716
https://weather.gc.ca/rss/city/qc-a5_e.xml,https://meteo.gc.ca/rss/city/qc-a5_f.xml,Saint-Amable,Quebec,717
https://weather.gc.ca/rss/city/qc-a6_e.xml,https://meteo.gc.ca/rss/city/qc-a6_f.xml,Saint-BasileLeGrand,Quebec,718
https://weather.gc.ca/rss/city/qc-a7_e.xml,https://meteo.gc.ca/rss/city/qc-a7_f.xml,Saint-Constant,Quebec,719
https://weather.gc.ca/rss/city/qc-b4_e.xml,https://meteo.gc.ca/rss/city/qc-b4_f.xml,Saint-Eustache,Quebec,720
https://weather.gc.ca/rss/city/qc-b5_e.xml,https://meteo.gc.ca/rss/city/qc-b5_f.xml,Saint-F̩licien,Quebec,721
https://weather.gc.ca/rss/city/qc-b6_e.xml,https://meteo.gc.ca/rss/city/qc-b6_f.xml,Saint-Georges,Quebec,722
https://weather.gc.ca/rss/city/qc-22_e.xml,https://meteo.gc.ca/rss/city/qc-22_f.xml,Saint-Hyacinthe,Quebec,723
https://weather.gc.ca/rss/city/qc-28_e.xml,https://meteo.gc.ca/rss/city/qc-28_f.xml,Saint-Jean-sur-Richelieu,Quebec,724
https://weather.gc.ca/rss/city/qc-13_e.xml,https://meteo.gc.ca/rss/city/qc-13_f.xml,Saint-J̩r̫me,Quebec,725
https://weather.gc.ca/rss/city/qc-b7_e.xml,https://meteo.gc.ca/rss/city/qc-b7_f.xml,Saint-Lazare,Quebec,726
https://weather.gc.ca/rss/city/qc-b8_e.xml,https://meteo.gc.ca/rss/city/qc-b8_f.xml,Saint-Lin-Laurentides,Quebec,727
https://weather.gc.ca/rss/city/qc-b9_e.xml,https://meteo.gc.ca/rss/city/qc-b9_f.xml,Saint-Luc,Quebec,728
https://weather.gc.ca/rss/city/qc-c0_e.xml,https://meteo.gc.ca/rss/city/qc-c0_f.xml,Saint-Michel-des-Saints,Quebec,729
https://weather.gc.ca/rss/city/qc-c1_e.xml,https://meteo.gc.ca/rss/city/qc-c1_f.xml,Saint-Nic̩phore,Quebec,730
https://weather.gc.ca/rss/city/qc-c2_e.xml,https://meteo.gc.ca/rss/city/qc-c2_f.xml,Saint-R̩mi,Quebec,731
https://weather.gc.ca/rss/city/qc-c3_e.xml,https://meteo.gc.ca/rss/city/qc-c3_f.xml,Saint-Sauveur,Quebec,732
https://weather.gc.ca/rss/city/qc-c4_e.xml,https://meteo.gc.ca/rss/city/qc-c4_f.xml,Saint-Timoth̩e,Quebec,733
https://weather.gc.ca/rss/city/qc-33_e.xml,https://meteo.gc.ca/rss/city/qc-33_f.xml,Sainte-Agathe,Quebec,734
https://weather.gc.ca/rss/city/qc-a8_e.xml,https://meteo.gc.ca/rss/city/qc-a8_f.xml,Sainte-Anne-Des-Monts,Quebec,735
https://weather.gc.ca/rss/city/qc-a9_e.xml,https://meteo.gc.ca/rss/city/qc-a9_f.xml,Sainte-Anne-Des-Plaines,Quebec,736
https://weather.gc.ca/rss/city/qc-b0_e.xml,https://meteo.gc.ca/rss/city/qc-b0_f.xml,Sainte-Catherine,Quebec,737
https://weather.gc.ca/rss/city/qc-b1_e.xml,https://meteo.gc.ca/rss/city/qc-b1_f.xml,Sainte-Julie,Quebec,738
https://weather.gc.ca/rss/city/qc-b2_e.xml,https://meteo.gc.ca/rss/city/qc-b2_f.xml,Sainte-Sophie,Quebec,739
https://weather.gc.ca/rss/city/qc-b3_e.xml,https://meteo.gc.ca/rss/city/qc-b3_f.xml,Sainte-Th̩r̬se,Quebec,740
https://weather.gc.ca/rss/city/qc-143_e.xml,https://meteo.gc.ca/rss/city/qc-143_f.xml,Salaberry-de-Valleyfield,Quebec,741
https://weather.gc.ca/rss/city/qc-128_e.xml,https://meteo.gc.ca/rss/city/qc-128_f.xml,Salluit,Quebec,742
https://weather.gc.ca/rss/city/qc-115_e.xml,https://meteo.gc.ca/rss/city/qc-115_f.xml,Schefferville,Quebec,743
https://weather.gc.ca/rss/city/qc-141_e.xml,https://meteo.gc.ca/rss/city/qc-141_f.xml,Sept-�_les,Quebec,744
https://weather.gc.ca/rss/city/qc-132_e.xml,https://meteo.gc.ca/rss/city/qc-132_f.xml,Shawinigan,Quebec,745
https://weather.gc.ca/rss/city/qc-136_e.xml,https://meteo.gc.ca/rss/city/qc-136_f.xml,Sherbrooke,Quebec,746
https://weather.gc.ca/rss/city/qc-c6_e.xml,https://meteo.gc.ca/rss/city/qc-c6_f.xml,Sorel-Tracy,Quebec,747
https://weather.gc.ca/rss/city/qc-135_e.xml,https://meteo.gc.ca/rss/city/qc-135_f.xml,Sutton,Quebec,748
https://weather.gc.ca/rss/city/qc-107_e.xml,https://meteo.gc.ca/rss/city/qc-107_f.xml,Tadoussac,Quebec,749
https://weather.gc.ca/rss/city/qc-145_e.xml,https://meteo.gc.ca/rss/city/qc-145_f.xml,Tasiujaq,Quebec,750
https://weather.gc.ca/rss/city/qc-139_e.xml,https://meteo.gc.ca/rss/city/qc-139_f.xml,T̩miscamingue,Quebec,751
https://weather.gc.ca/rss/city/qc-35_e.xml,https://meteo.gc.ca/rss/city/qc-35_f.xml,Temiscouata,Quebec,752
https://weather.gc.ca/rss/city/qc-c7_e.xml,https://meteo.gc.ca/rss/city/qc-c7_f.xml,Terrebonne,Quebec,753
https://weather.gc.ca/rss/city/qc-c8_e.xml,https://meteo.gc.ca/rss/city/qc-c8_f.xml,ThetfordMines,Quebec,754
https://weather.gc.ca/rss/city/qc-c9_e.xml,https://meteo.gc.ca/rss/city/qc-c9_f.xml,Tracy,Quebec,755
https://weather.gc.ca/rss/city/qc-24_e.xml,https://meteo.gc.ca/rss/city/qc-24_f.xml,Trois-Pistoles,Quebec,756
https://weather.gc.ca/rss/city/qc-130_e.xml,https://meteo.gc.ca/rss/city/qc-130_f.xml,Trois-Rivi̬res,Quebec,757
https://weather.gc.ca/rss/city/qc-122_e.xml,https://meteo.gc.ca/rss/city/qc-122_f.xml,Umiujaq,Quebec,758
https://weather.gc.ca/rss/city/qc-149_e.xml,https://meteo.gc.ca/rss/city/qc-149_f.xml,Val-d'Or,Quebec,759
https://weather.gc.ca/rss/city/qc-42_e.xml,https://meteo.gc.ca/rss/city/qc-42_f.xml,Val-des-Monts,Quebec,760
https://weather.gc.ca/rss/city/qc-d0_e.xml,https://meteo.gc.ca/rss/city/qc-d0_f.xml,Vall̩edelaMatap̩dia,Quebec,761
https://weather.gc.ca/rss/city/qc-41_e.xml,https://meteo.gc.ca/rss/city/qc-41_f.xml,Vanier,Quebec,762
https://weather.gc.ca/rss/city/qc-162_e.xml,https://meteo.gc.ca/rss/city/qc-162_f.xml,Varennes,Quebec,763
https://weather.gc.ca/rss/city/qc-66_e.xml,https://meteo.gc.ca/rss/city/qc-66_f.xml,Vaudreuil-Dorion,Quebec,764
https://weather.gc.ca/rss/city/qc-157_e.xml,https://meteo.gc.ca/rss/city/qc-157_f.xml,Victoriaville,Quebec,765
https://weather.gc.ca/rss/city/qc-116_e.xml,https://meteo.gc.ca/rss/city/qc-116_f.xml,Waskaganish,Quebec,766
https://weather.gc.ca/rss/city/sk-51_e.xml,https://meteo.gc.ca/rss/city/sk-51_f.xml,Assiniboia,Saskatchewan,767
https://weather.gc.ca/rss/city/sk-2_e.xml,https://meteo.gc.ca/rss/city/sk-2_f.xml,Biggar,Saskatchewan,768
https://weather.gc.ca/rss/city/sk-48_e.xml,https://meteo.gc.ca/rss/city/sk-48_f.xml,Broadview,Saskatchewan,769
https://weather.gc.ca/rss/city/sk-39_e.xml,https://meteo.gc.ca/rss/city/sk-39_f.xml,BuffaloNarrows,Saskatchewan,770
https://weather.gc.ca/rss/city/sk-3_e.xml,https://meteo.gc.ca/rss/city/sk-3_f.xml,Canora,Saskatchewan,771
https://weather.gc.ca/rss/city/sk-4_e.xml,https://meteo.gc.ca/rss/city/sk-4_f.xml,Carlyle,Saskatchewan,772
https://weather.gc.ca/rss/city/sk-30_e.xml,https://meteo.gc.ca/rss/city/sk-30_f.xml,CollinsBay,Saskatchewan,773
https://weather.gc.ca/rss/city/sk-42_e.xml,https://meteo.gc.ca/rss/city/sk-42_f.xml,Coronach,Saskatchewan,774
https://weather.gc.ca/rss/city/sk-29_e.xml,https://meteo.gc.ca/rss/city/sk-29_f.xml,CypressHills(ProvincialPark),Saskatchewan,775
https://weather.gc.ca/rss/city/sk-45_e.xml,https://meteo.gc.ca/rss/city/sk-45_f.xml,Eastend,Saskatchewan,776
https://weather.gc.ca/rss/city/sk-18_e.xml,https://meteo.gc.ca/rss/city/sk-18_f.xml,Elbow,Saskatchewan,777
https://weather.gc.ca/rss/city/sk-53_e.xml,https://meteo.gc.ca/rss/city/sk-53_f.xml,Estevan,Saskatchewan,778
https://weather.gc.ca/rss/city/sk-5_e.xml,https://meteo.gc.ca/rss/city/sk-5_f.xml,FortQu'Appelle,Saskatchewan,779
https://weather.gc.ca/rss/city/sk-17_e.xml,https://meteo.gc.ca/rss/city/sk-17_f.xml,HudsonBay,Saskatchewan,780
https://weather.gc.ca/rss/city/sk-6_e.xml,https://meteo.gc.ca/rss/city/sk-6_f.xml,Humboldt,Saskatchewan,781
https://weather.gc.ca/rss/city/sk-43_e.xml,https://meteo.gc.ca/rss/city/sk-43_f.xml,IndianHead,Saskatchewan,782
https://weather.gc.ca/rss/city/sk-7_e.xml,https://meteo.gc.ca/rss/city/sk-7_f.xml,Kamsack,Saskatchewan,783
https://weather.gc.ca/rss/city/sk-20_e.xml,https://meteo.gc.ca/rss/city/sk-20_f.xml,KeyLake,Saskatchewan,784
https://weather.gc.ca/rss/city/sk-21_e.xml,https://meteo.gc.ca/rss/city/sk-21_f.xml,Kindersley,Saskatchewan,785
https://weather.gc.ca/rss/city/sk-13_e.xml,https://meteo.gc.ca/rss/city/sk-13_f.xml,LaLoche,Saskatchewan,786
https://weather.gc.ca/rss/city/sk-38_e.xml,https://meteo.gc.ca/rss/city/sk-38_f.xml,LaRonge,Saskatchewan,787
https://weather.gc.ca/rss/city/sk-35_e.xml,https://meteo.gc.ca/rss/city/sk-35_f.xml,LastMountainLake(Sanctuary),Saskatchewan,788
https://weather.gc.ca/rss/city/sk-52_e.xml,https://meteo.gc.ca/rss/city/sk-52_f.xml,Leader,Saskatchewan,789
https://weather.gc.ca/rss/city/sk-56_e.xml,https://meteo.gc.ca/rss/city/sk-56_f.xml,Lloydminster,Saskatchewan,790
https://weather.gc.ca/rss/city/sk-14_e.xml,https://meteo.gc.ca/rss/city/sk-14_f.xml,LuckyLake,Saskatchewan,791
https://weather.gc.ca/rss/city/sk-16_e.xml,https://meteo.gc.ca/rss/city/sk-16_f.xml,MapleCreek,Saskatchewan,792
https://weather.gc.ca/rss/city/sk-22_e.xml,https://meteo.gc.ca/rss/city/sk-22_f.xml,MeadowLake,Saskatchewan,793
https://weather.gc.ca/rss/city/sk-46_e.xml,https://meteo.gc.ca/rss/city/sk-46_f.xml,Melfort,Saskatchewan,794
https://weather.gc.ca/rss/city/sk-8_e.xml,https://meteo.gc.ca/rss/city/sk-8_f.xml,Melville,Saskatchewan,795
https://weather.gc.ca/rss/city/sk-24_e.xml,https://meteo.gc.ca/rss/city/sk-24_f.xml,MooseJaw,Saskatchewan,796
https://weather.gc.ca/rss/city/sk-9_e.xml,https://meteo.gc.ca/rss/city/sk-9_f.xml,Moosomin,Saskatchewan,797
https://weather.gc.ca/rss/city/sk-47_e.xml,https://meteo.gc.ca/rss/city/sk-47_f.xml,Nipawin,Saskatchewan,798
https://weather.gc.ca/rss/city/sk-34_e.xml,https://meteo.gc.ca/rss/city/sk-34_f.xml,NorthBattleford,Saskatchewan,799
https://weather.gc.ca/rss/city/sk-37_e.xml,https://meteo.gc.ca/rss/city/sk-37_f.xml,Outlook,Saskatchewan,800
https://weather.gc.ca/rss/city/sk-10_e.xml,https://meteo.gc.ca/rss/city/sk-10_f.xml,Oxbow,Saskatchewan,801
https://weather.gc.ca/rss/city/sk-55_e.xml,https://meteo.gc.ca/rss/city/sk-55_f.xml,PelicanNarrows,Saskatchewan,802
https://weather.gc.ca/rss/city/sk-27_e.xml,https://meteo.gc.ca/rss/city/sk-27_f.xml,PrinceAlbert,Saskatchewan,803
https://weather.gc.ca/rss/city/sk-32_e.xml,https://meteo.gc.ca/rss/city/sk-32_f.xml,Regina,Saskatchewan,804
https://weather.gc.ca/rss/city/sk-54_e.xml,https://meteo.gc.ca/rss/city/sk-54_f.xml,Rockglen,Saskatchewan,805
https://weather.gc.ca/rss/city/sk-23_e.xml,https://meteo.gc.ca/rss/city/sk-23_f.xml,Rosetown,Saskatchewan,806
https://weather.gc.ca/rss/city/sk-1_e.xml,https://meteo.gc.ca/rss/city/sk-1_f.xml,Rosthern,Saskatchewan,807
https://weather.gc.ca/rss/city/sk-40_e.xml,https://meteo.gc.ca/rss/city/sk-40_f.xml,Saskatoon,Saskatchewan,808
https://weather.gc.ca/rss/city/sk-26_e.xml,https://meteo.gc.ca/rss/city/sk-26_f.xml,Scott,Saskatchewan,809
https://weather.gc.ca/rss/city/sk-11_e.xml,https://meteo.gc.ca/rss/city/sk-11_f.xml,Shaunavon,Saskatchewan,810
https://weather.gc.ca/rss/city/sk-50_e.xml,https://meteo.gc.ca/rss/city/sk-50_f.xml,SouthendReindeer,Saskatchewan,811
https://weather.gc.ca/rss/city/sk-25_e.xml,https://meteo.gc.ca/rss/city/sk-25_f.xml,Spiritwood,Saskatchewan,812
https://weather.gc.ca/rss/city/sk-36_e.xml,https://meteo.gc.ca/rss/city/sk-36_f.xml,StonyRapids,Saskatchewan,813
https://weather.gc.ca/rss/city/sk-41_e.xml,https://meteo.gc.ca/rss/city/sk-41_f.xml,SwiftCurrent,Saskatchewan,814
https://weather.gc.ca/rss/city/sk-12_e.xml,https://meteo.gc.ca/rss/city/sk-12_f.xml,Tisdale,Saskatchewan,815
https://weather.gc.ca/rss/city/sk-44_e.xml,https://meteo.gc.ca/rss/city/sk-44_f.xml,UraniumCity,Saskatchewan,816
https://weather.gc.ca/rss/city/sk-28_e.xml,https://meteo.gc.ca/rss/city/sk-28_f.xml,ValMarie,Saskatchewan,817
https://weather.gc.ca/rss/city/sk-15_e.xml,https://meteo.gc.ca/rss/city/sk-15_f.xml,WaskesiuLake,Saskatchewan,818
https://weather.gc.ca/rss/city/sk-49_e.xml,https://meteo.gc.ca/rss/city/sk-49_f.xml,Watrous,Saskatchewan,819
https://weather.gc.ca/rss/city/sk-31_e.xml,https://meteo.gc.ca/rss/city/sk-31_f.xml,Weyburn,Saskatchewan,820
https://weather.gc.ca/rss/city/sk-19_e.xml,https://meteo.gc.ca/rss/city/sk-19_f.xml,Wynyard,Saskatchewan,821
https://weather.gc.ca/rss/city/sk-33_e.xml,https://meteo.gc.ca/rss/city/sk-33_f.xml,Yorkton,Saskatchewan,822
https://weather.gc.ca/rss/city/yt-15_e.xml,https://meteo.gc.ca/rss/city/yt-15_f.xml,BeaverCreek,Yukon,823
https://weather.gc.ca/rss/city/yt-7_e.xml,https://meteo.gc.ca/rss/city/yt-7_f.xml,BurwashLanding,Yukon,824
https://weather.gc.ca/rss/city/yt-2_e.xml,https://meteo.gc.ca/rss/city/yt-2_f.xml,Carcross,Yukon,825
https://weather.gc.ca/rss/city/yt-17_e.xml,https://meteo.gc.ca/rss/city/yt-17_f.xml,Carmacks,Yukon,826
https://weather.gc.ca/rss/city/yt-6_e.xml,https://meteo.gc.ca/rss/city/yt-6_f.xml,Dawson,Yukon,827
https://weather.gc.ca/rss/city/yt-4_e.xml,https://meteo.gc.ca/rss/city/yt-4_f.xml,Dempster(Highway),Yukon,828
https://weather.gc.ca/rss/city/yt-12_e.xml,https://meteo.gc.ca/rss/city/yt-12_f.xml,Faro,Yukon,829
https://weather.gc.ca/rss/city/yt-5_e.xml,https://meteo.gc.ca/rss/city/yt-5_f.xml,HainesJunction,Yukon,830
https://weather.gc.ca/rss/city/yt-1_e.xml,https://meteo.gc.ca/rss/city/yt-1_f.xml,KluaneLake,Yukon,831
https://weather.gc.ca/rss/city/yt-10_e.xml,https://meteo.gc.ca/rss/city/yt-10_f.xml,Mayo,Yukon,832
https://weather.gc.ca/rss/city/yt-11_e.xml,https://meteo.gc.ca/rss/city/yt-11_f.xml,OldCrow,Yukon,833
https://weather.gc.ca/rss/city/yt-3_e.xml,https://meteo.gc.ca/rss/city/yt-3_f.xml,Rancheria,Yukon,834
https://weather.gc.ca/rss/city/yt-9_e.xml,https://meteo.gc.ca/rss/city/yt-9_f.xml,RockRiver,Yukon,835
https://weather.gc.ca/rss/city/yt-8_e.xml,https://meteo.gc.ca/rss/city/yt-8_f.xml,RossRiver,Yukon,836
https://weather.gc.ca/rss/city/yt-14_e.xml,https://meteo.gc.ca/rss/city/yt-14_f.xml,Teslin,Yukon,837
https://weather.gc.ca/rss/city/yt-13_e.xml,https://meteo.gc.ca/rss/city/yt-13_f.xml,WatsonLake,Yukon,838
https://weather.gc.ca/rss/city/yt-16_e.xml,https://meteo.gc.ca/rss/city/yt-16_f.xml,Whitehorse,Yukon,839
